Y,λ_ets_scenario_1,λ_product_scenario_1,λ_ets_scenario_2,λ_product_scenario_2,λ_ets_scenario_3,λ_product_scenario_3,λ_ets_scenario_4,λ_product_scenario_4,λ_ets_scenario_5,λ_product_scenario_5,λ_ets_scenario_6,λ_product_scenario_6,λ_ets_scenario_7,λ_product_scenario_7,λ_ets_scenario_8,λ_product_scenario_8,λ_ets_scenario_9,λ_product_scenario_9,λ_ets_scenario_10,λ_product_scenario_10,λ_ets_scenario_11,λ_product_scenario_11,λ_ets_scenario_12,λ_product_scenario_12,λ_ets_scenario_13,λ_product_scenario_13,λ_ets_scenario_14,λ_product_scenario_14,λ_ets_scenario_15,λ_product_scenario_15,BF-BOF_b_scenario_1,BF-BOF_b_scenario_2,BF-BOF_b_scenario_3,BF-BOF_b_scenario_4,BF-BOF_b_scenario_5,BF-BOF_b_scenario_6,BF-BOF_b_scenario_7,BF-BOF_b_scenario_8,BF-BOF_b_scenario_9,BF-BOF_b_scenario_10,BF-BOF_b_scenario_11,BF-BOF_b_scenario_12,BF-BOF_b_scenario_13,BF-BOF_b_scenario_14,BF-BOF_b_scenario_15,BF-BOF_cap,BF-BOF_g_scenario_1,BF-BOF_g_scenario_2,BF-BOF_g_scenario_3,BF-BOF_g_scenario_4,BF-BOF_g_scenario_5,BF-BOF_g_scenario_6,BF-BOF_g_scenario_7,BF-BOF_g_scenario_8,BF-BOF_g_scenario_9,BF-BOF_g_scenario_10,BF-BOF_g_scenario_11,BF-BOF_g_scenario_12,BF-BOF_g_scenario_13,BF-BOF_g_scenario_14,BF-BOF_g_scenario_15,BF-BOF_bank_scenario_1,BF-BOF_bank_scenario_2,BF-BOF_bank_scenario_3,BF-BOF_bank_scenario_4,BF-BOF_bank_scenario_5,BF-BOF_bank_scenario_6,BF-BOF_bank_scenario_7,BF-BOF_bank_scenario_8,BF-BOF_bank_scenario_9,BF-BOF_bank_scenario_10,BF-BOF_bank_scenario_11,BF-BOF_bank_scenario_12,BF-BOF_bank_scenario_13,BF-BOF_bank_scenario_14,BF-BOF_bank_scenario_15,BF-BOF_netto_emiss_scenario_1,BF-BOF_netto_emiss_scenario_2,BF-BOF_netto_emiss_scenario_3,BF-BOF_netto_emiss_scenario_4,BF-BOF_netto_emiss_scenario_5,BF-BOF_netto_emiss_scenario_6,BF-BOF_netto_emiss_scenario_7,BF-BOF_netto_emiss_scenario_8,BF-BOF_netto_emiss_scenario_9,BF-BOF_netto_emiss_scenario_10,BF-BOF_netto_emiss_scenario_11,BF-BOF_netto_emiss_scenario_12,BF-BOF_netto_emiss_scenario_13,BF-BOF_netto_emiss_scenario_14,BF-BOF_netto_emiss_scenario_15,BF-BlendH2-BOF_b_scenario_1,BF-BlendH2-BOF_b_scenario_2,BF-BlendH2-BOF_b_scenario_3,BF-BlendH2-BOF_b_scenario_4,BF-BlendH2-BOF_b_scenario_5,BF-BlendH2-BOF_b_scenario_6,BF-BlendH2-BOF_b_scenario_7,BF-BlendH2-BOF_b_scenario_8,BF-BlendH2-BOF_b_scenario_9,BF-BlendH2-BOF_b_scenario_10,BF-BlendH2-BOF_b_scenario_11,BF-BlendH2-BOF_b_scenario_12,BF-BlendH2-BOF_b_scenario_13,BF-BlendH2-BOF_b_scenario_14,BF-BlendH2-BOF_b_scenario_15,BF-BlendH2-BOF_cap,BF-BlendH2-BOF_g_scenario_1,BF-BlendH2-BOF_g_scenario_2,BF-BlendH2-BOF_g_scenario_3,BF-BlendH2-BOF_g_scenario_4,BF-BlendH2-BOF_g_scenario_5,BF-BlendH2-BOF_g_scenario_6,BF-BlendH2-BOF_g_scenario_7,BF-BlendH2-BOF_g_scenario_8,BF-BlendH2-BOF_g_scenario_9,BF-BlendH2-BOF_g_scenario_10,BF-BlendH2-BOF_g_scenario_11,BF-BlendH2-BOF_g_scenario_12,BF-BlendH2-BOF_g_scenario_13,BF-BlendH2-BOF_g_scenario_14,BF-BlendH2-BOF_g_scenario_15,BF-BlendH2-BOF_bank_scenario_1,BF-BlendH2-BOF_bank_scenario_2,BF-BlendH2-BOF_bank_scenario_3,BF-BlendH2-BOF_bank_scenario_4,BF-BlendH2-BOF_bank_scenario_5,BF-BlendH2-BOF_bank_scenario_6,BF-BlendH2-BOF_bank_scenario_7,BF-BlendH2-BOF_bank_scenario_8,BF-BlendH2-BOF_bank_scenario_9,BF-BlendH2-BOF_bank_scenario_10,BF-BlendH2-BOF_bank_scenario_11,BF-BlendH2-BOF_bank_scenario_12,BF-BlendH2-BOF_bank_scenario_13,BF-BlendH2-BOF_bank_scenario_14,BF-BlendH2-BOF_bank_scenario_15,BF-BlendH2-BOF_netto_emiss_scenario_1,BF-BlendH2-BOF_netto_emiss_scenario_2,BF-BlendH2-BOF_netto_emiss_scenario_3,BF-BlendH2-BOF_netto_emiss_scenario_4,BF-BlendH2-BOF_netto_emiss_scenario_5,BF-BlendH2-BOF_netto_emiss_scenario_6,BF-BlendH2-BOF_netto_emiss_scenario_7,BF-BlendH2-BOF_netto_emiss_scenario_8,BF-BlendH2-BOF_netto_emiss_scenario_9,BF-BlendH2-BOF_netto_emiss_scenario_10,BF-BlendH2-BOF_netto_emiss_scenario_11,BF-BlendH2-BOF_netto_emiss_scenario_12,BF-BlendH2-BOF_netto_emiss_scenario_13,BF-BlendH2-BOF_netto_emiss_scenario_14,BF-BlendH2-BOF_netto_emiss_scenario_15,HDRI-EAF_b_scenario_1,HDRI-EAF_b_scenario_2,HDRI-EAF_b_scenario_3,HDRI-EAF_b_scenario_4,HDRI-EAF_b_scenario_5,HDRI-EAF_b_scenario_6,HDRI-EAF_b_scenario_7,HDRI-EAF_b_scenario_8,HDRI-EAF_b_scenario_9,HDRI-EAF_b_scenario_10,HDRI-EAF_b_scenario_11,HDRI-EAF_b_scenario_12,HDRI-EAF_b_scenario_13,HDRI-EAF_b_scenario_14,HDRI-EAF_b_scenario_15,HDRI-EAF_cap,HDRI-EAF_g_scenario_1,HDRI-EAF_g_scenario_2,HDRI-EAF_g_scenario_3,HDRI-EAF_g_scenario_4,HDRI-EAF_g_scenario_5,HDRI-EAF_g_scenario_6,HDRI-EAF_g_scenario_7,HDRI-EAF_g_scenario_8,HDRI-EAF_g_scenario_9,HDRI-EAF_g_scenario_10,HDRI-EAF_g_scenario_11,HDRI-EAF_g_scenario_12,HDRI-EAF_g_scenario_13,HDRI-EAF_g_scenario_14,HDRI-EAF_g_scenario_15,HDRI-EAF_bank_scenario_1,HDRI-EAF_bank_scenario_2,HDRI-EAF_bank_scenario_3,HDRI-EAF_bank_scenario_4,HDRI-EAF_bank_scenario_5,HDRI-EAF_bank_scenario_6,HDRI-EAF_bank_scenario_7,HDRI-EAF_bank_scenario_8,HDRI-EAF_bank_scenario_9,HDRI-EAF_bank_scenario_10,HDRI-EAF_bank_scenario_11,HDRI-EAF_bank_scenario_12,HDRI-EAF_bank_scenario_13,HDRI-EAF_bank_scenario_14,HDRI-EAF_bank_scenario_15,HDRI-EAF_netto_emiss_scenario_1,HDRI-EAF_netto_emiss_scenario_2,HDRI-EAF_netto_emiss_scenario_3,HDRI-EAF_netto_emiss_scenario_4,HDRI-EAF_netto_emiss_scenario_5,HDRI-EAF_netto_emiss_scenario_6,HDRI-EAF_netto_emiss_scenario_7,HDRI-EAF_netto_emiss_scenario_8,HDRI-EAF_netto_emiss_scenario_9,HDRI-EAF_netto_emiss_scenario_10,HDRI-EAF_netto_emiss_scenario_11,HDRI-EAF_netto_emiss_scenario_12,HDRI-EAF_netto_emiss_scenario_13,HDRI-EAF_netto_emiss_scenario_14,HDRI-EAF_netto_emiss_scenario_15,BF-BlendNG-BOF_b_scenario_1,BF-BlendNG-BOF_b_scenario_2,BF-BlendNG-BOF_b_scenario_3,BF-BlendNG-BOF_b_scenario_4,BF-BlendNG-BOF_b_scenario_5,BF-BlendNG-BOF_b_scenario_6,BF-BlendNG-BOF_b_scenario_7,BF-BlendNG-BOF_b_scenario_8,BF-BlendNG-BOF_b_scenario_9,BF-BlendNG-BOF_b_scenario_10,BF-BlendNG-BOF_b_scenario_11,BF-BlendNG-BOF_b_scenario_12,BF-BlendNG-BOF_b_scenario_13,BF-BlendNG-BOF_b_scenario_14,BF-BlendNG-BOF_b_scenario_15,BF-BlendNG-BOF_cap,BF-BlendNG-BOF_g_scenario_1,BF-BlendNG-BOF_g_scenario_2,BF-BlendNG-BOF_g_scenario_3,BF-BlendNG-BOF_g_scenario_4,BF-BlendNG-BOF_g_scenario_5,BF-BlendNG-BOF_g_scenario_6,BF-BlendNG-BOF_g_scenario_7,BF-BlendNG-BOF_g_scenario_8,BF-BlendNG-BOF_g_scenario_9,BF-BlendNG-BOF_g_scenario_10,BF-BlendNG-BOF_g_scenario_11,BF-BlendNG-BOF_g_scenario_12,BF-BlendNG-BOF_g_scenario_13,BF-BlendNG-BOF_g_scenario_14,BF-BlendNG-BOF_g_scenario_15,BF-BlendNG-BOF_bank_scenario_1,BF-BlendNG-BOF_bank_scenario_2,BF-BlendNG-BOF_bank_scenario_3,BF-BlendNG-BOF_bank_scenario_4,BF-BlendNG-BOF_bank_scenario_5,BF-BlendNG-BOF_bank_scenario_6,BF-BlendNG-BOF_bank_scenario_7,BF-BlendNG-BOF_bank_scenario_8,BF-BlendNG-BOF_bank_scenario_9,BF-BlendNG-BOF_bank_scenario_10,BF-BlendNG-BOF_bank_scenario_11,BF-BlendNG-BOF_bank_scenario_12,BF-BlendNG-BOF_bank_scenario_13,BF-BlendNG-BOF_bank_scenario_14,BF-BlendNG-BOF_bank_scenario_15,BF-BlendNG-BOF_netto_emiss_scenario_1,BF-BlendNG-BOF_netto_emiss_scenario_2,BF-BlendNG-BOF_netto_emiss_scenario_3,BF-BlendNG-BOF_netto_emiss_scenario_4,BF-BlendNG-BOF_netto_emiss_scenario_5,BF-BlendNG-BOF_netto_emiss_scenario_6,BF-BlendNG-BOF_netto_emiss_scenario_7,BF-BlendNG-BOF_netto_emiss_scenario_8,BF-BlendNG-BOF_netto_emiss_scenario_9,BF-BlendNG-BOF_netto_emiss_scenario_10,BF-BlendNG-BOF_netto_emiss_scenario_11,BF-BlendNG-BOF_netto_emiss_scenario_12,BF-BlendNG-BOF_netto_emiss_scenario_13,BF-BlendNG-BOF_netto_emiss_scenario_14,BF-BlendNG-BOF_netto_emiss_scenario_15,fringe_b_scenario_1,fringe_b_scenario_2,fringe_b_scenario_3,fringe_b_scenario_4,fringe_b_scenario_5,fringe_b_scenario_6,fringe_b_scenario_7,fringe_b_scenario_8,fringe_b_scenario_9,fringe_b_scenario_10,fringe_b_scenario_11,fringe_b_scenario_12,fringe_b_scenario_13,fringe_b_scenario_14,fringe_b_scenario_15,fringe_g_scenario_1,fringe_g_scenario_2,fringe_g_scenario_3,fringe_g_scenario_4,fringe_g_scenario_5,fringe_g_scenario_6,fringe_g_scenario_7,fringe_g_scenario_8,fringe_g_scenario_9,fringe_g_scenario_10,fringe_g_scenario_11,fringe_g_scenario_12,fringe_g_scenario_13,fringe_g_scenario_14,fringe_g_scenario_15,fringe_bank_scenario_1,fringe_bank_scenario_2,fringe_bank_scenario_3,fringe_bank_scenario_4,fringe_bank_scenario_5,fringe_bank_scenario_6,fringe_bank_scenario_7,fringe_bank_scenario_8,fringe_bank_scenario_9,fringe_bank_scenario_10,fringe_bank_scenario_11,fringe_bank_scenario_12,fringe_bank_scenario_13,fringe_bank_scenario_14,fringe_bank_scenario_15,fringe_netto_emiss_scenario_1,fringe_netto_emiss_scenario_2,fringe_netto_emiss_scenario_3,fringe_netto_emiss_scenario_4,fringe_netto_emiss_scenario_5,fringe_netto_emiss_scenario_6,fringe_netto_emiss_scenario_7,fringe_netto_emiss_scenario_8,fringe_netto_emiss_scenario_9,fringe_netto_emiss_scenario_10,fringe_netto_emiss_scenario_11,fringe_netto_emiss_scenario_12,fringe_netto_emiss_scenario_13,fringe_netto_emiss_scenario_14,fringe_netto_emiss_scenario_15
2024,111.8664,372.5895,98.2261,347.3417,65.1231,286.103,102.7122,355.5255,130.7008,405.0253,175.2879,478.0568,168.8676,467.5956,82.5694,318.3538,104.0832,358.1022,114.3517,376.8672,65.9737,287.6779,23.6534,209.3834,32.6435,226.0156,84.0475,321.084,171.6652,472.1668,203.8406,203.1368,198.934,207.1639,0.0,4.3796,0.0,200.4214,210.9228,198.5958,198.9845,201.1295,199.773,200.759,5.0591,0.0,107.0975,107.1065,106.9919,107.0046,0.0,0.0,0.0,106.975,106.9433,107.1316,106.997,106.9998,106.9855,106.998,0.0,5.7102,4.9897,0.9989,9.2053,0.0,4.3796,0.0,2.5177,13.0776,0.4024,1.0401,3.18,1.8498,2.8127,5.0591,198.1304,198.1471,197.9351,197.9586,0.0,0.0,0.0,197.9037,197.8451,198.1935,197.9445,197.9496,197.9231,197.9463,0.0,0.0,0.0,4.0312,0.0,0.0,0.0,0.0,1.2638,0.0,0.0,3.9035,23.8373,14.7207,0.9803,0.0,0.0,0.0,0.0,0.0,0.0,0.0,0.0,0.0,0.0,0.0,0.0,0.0,0.0,0.0,0.0,0.0,0.0,0.0,4.0312,0.0,0.0,0.0,0.0,1.2638,0.0,0.0,3.9035,23.8373,14.7207,0.9803,0.0,0.0,0.0,0.0,0.0,0.0,0.0,0.0,0.0,0.0,0.0,0.0,0.0,0.0,0.0,0.0,0.0,0.0,4.0312,0.0,0.0,0.0,0.0,1.2638,0.0,0.0,3.9035,23.8373,14.7207,0.9803,0.0,107.0,0.0,0.0,0.0,0.0,0.0,0.0,0.0,0.0,0.0,0.0,0.0,0.0,0.0,0.0,0.0,0.0,0.0,4.0312,0.0,0.0,0.0,0.0,1.2638,0.0,0.0,3.9035,23.8373,14.7207,0.9803,0.0,0.0,0.0,0.0,0.0,0.0,0.0,0.0,0.0,0.0,0.0,0.0,0.0,0.0,0.0,0.0,12.4917,0.0,4.0312,0.0,175.3468,179.7942,175.4506,1.2638,0.0,21.0034,3.9035,25.0614,15.2904,0.9803,175.429,0.0,0.0,0.0,0.0,0.0,106.984,107.0,107.0474,0.0,0.0,0.0,0.0,0.0,0.0,0.0,107.0342,12.4917,0.0,4.0312,0.0,0.0,4.4212,0.0,1.2638,0.0,21.0034,3.9035,25.0614,15.2904,0.9803,0.0,0.0,0.0,0.0,0.0,175.3468,175.373,175.4506,0.0,0.0,0.0,0.0,0.0,0.0,0.0,175.429,1169.5557,1182.7222,1174.9837,1178.8334,1210.6764,1201.8261,1210.4837,1181.8478,1175.1351,1166.2494,1175.3095,1112.1349,1141.5068,1182.3052,1205.4869,0.0,0.0,0.0,0.0,0.0,0.0,0.0,0.0,0.0,0.0,0.0,0.0,0.0,0.0,0.0,164.0432,191.7019,217.6384,182.7046,160.7827,34.555,67.4944,208.6788,177.8478,158.6475,217.3563,191.3788,211.1467,206.989,38.4407,1005.5125,991.0203,957.3453,996.1288,1049.8937,1167.2711,1142.9894,973.1689,997.2873,1007.6019,957.9532,920.7561,930.3601,975.3163,1167.0462
2025,123.1855,396.6555,108.3383,369.3728,73.0155,304.0258,113.2627,378.4837,139.8485,423.8342,187.6748,502.2215,180.6972,490.7849,91.3949,338.0265,114.6628,381.0556,123.7315,397.6225,73.9333,305.7205,27.8049,220.3466,37.7282,238.7433,93.0496,341.088,183.7884,495.8517,105.743,192.9648,196.9556,188.7549,0.0,-4.3796,0.0,195.4198,184.9428,39.2429,196.9261,194.5096,196.1501,195.1556,-5.0591,0.0,60.0688,107.0024,107.0024,107.0055,0.0,0.0,0.0,106.9932,107.0381,21.4299,107.0088,106.8592,107.027,107.0099,0.0,0.326,0.0,0.0,0.0,0.0,0.0,0.0,0.0,0.0,0.0,0.0,0.0,0.0,0.0,0.0,111.1272,197.9545,197.9545,197.9602,0.0,0.0,0.0,197.9375,198.0205,39.6453,197.9662,197.6896,197.9999,197.9683,0.0,-0.0,-0.0,-4.0312,-0.0,-0.0,-0.0,-0.0,-1.2638,-0.0,-0.0,-3.9035,-2.3098,-7.6089,-0.9803,-0.0,0.0,0.0,0.0,0.0,0.0,0.0,0.0,0.0,0.0,0.0,0.0,0.0,0.0,0.0,0.0,0.0,0.0,0.0,0.0,0.0,0.0,0.0,0.0,0.0,0.0,0.0,0.0,21.5275,7.1118,0.0,0.0,0.0,0.0,0.0,0.0,0.0,0.0,0.0,0.0,0.0,0.0,0.0,0.0,0.0,0.0,0.0,0.0,0.0,-4.0312,0.0,0.0,-0.0,0.0,-1.2638,0.0,-0.0,-3.9035,-2.3098,-7.6089,-0.9803,-0.0,0.0,0.0,0.0,0.0,0.0,0.0,0.0,0.0,0.0,0.0,0.0,0.0,0.0,0.0,0.0,0.0,0.0,0.0,0.0,0.0,0.0,0.0,0.0,0.0,0.0,0.0,0.0,21.5275,7.1118,0.0,0.0,0.0,0.0,0.0,0.0,0.0,0.0,0.0,0.0,0.0,0.0,0.0,0.0,0.0,0.0,0.0,64.4255,-0.0,-4.0312,-0.0,175.3719,170.9518,175.3737,-1.2638,-0.0,119.2417,-3.9035,-2.4805,-7.786,-0.9803,175.373,0.0,46.9294,0.0,0.0,0.0,106.9993,107.0,107.0004,0.0,0.0,85.5675,0.0,0.0,0.0,0.0,107.0,0.0,0.0,0.0,0.0,0.0,0.0,0.0,0.0,0.0,0.0,0.0,22.5809,7.5045,0.0,0.0,76.9172,0.0,0.0,0.0,175.3719,175.373,175.3737,0.0,0.0,140.2452,0.0,0.0,0.0,0.0,175.373,1096.635,1073.8256,1081.9396,1078.0337,1091.4327,1100.2319,1091.4299,1075.177,1081.8117,1108.3264,1081.5804,1079.4434,1093.6327,1074.5777,1096.4901,0.0,0.0,0.0,0.0,0.0,0.0,0.0,0.0,0.0,0.0,0.0,0.0,0.0,0.0,0.0,296.4346,313.997,381.3188,304.9047,230.0044,0.0,47.4288,348.6082,302.4334,291.3823,380.1165,385.8129,411.2648,344.597,0.0,964.2436,951.5305,918.2591,955.8336,1022.2109,1134.7869,1111.4955,935.2477,957.2261,975.5916,918.8201,885.0093,893.5146,936.9696,1134.9308
2026,131.9853,414.8396,119.4894,393.3784,81.5669,323.2222,124.7981,403.1392,150.2094,444.7084,202.4499,516.9335,193.3464,515.4097,101.1916,359.5301,126.143,405.4668,132.4799,415.6499,82.5004,324.9484,32.6888,232.814,43.5611,252.9093,102.8898,362.6681,198.8328,516.9335,-0.326,197.9591,197.955,183.854,0.0,0.0,-0.0,197.9786,166.7868,-0.0,197.972,198.0745,197.9849,198.0103,0.0,0.0,0.0,107.0049,107.0027,99.3805,0.0,0.0,0.0,107.0154,90.155,0.0,107.0119,107.0436,107.0189,107.0326,0.0,0.0,0.0,0.0,0.0,0.0,0.0,0.0,0.0,0.0,0.0,0.0,0.0439,0.0,0.0,0.0,0.0,197.9591,197.955,183.854,0.0,0.0,0.0,197.9786,166.7868,0.0,197.972,198.0306,197.9849,198.0103,0.0,0.0,0.0,0.0,0.0,0.0,0.0,0.0,0.0,0.0,0.0,0.0,-11.2072,-7.1118,0.0,0.0,0.0,0.0,0.0,0.0,0.0,0.0,0.0,0.0,0.0,0.0,0.0,0.0,0.0,0.0,0.0,0.0,0.0,0.0,0.0,0.0,0.0,0.0,0.0,0.0,0.0,0.0,0.0,10.3202,0.0,0.0,0.0,0.0,0.0,0.0,0.0,0.0,0.0,0.0,0.0,0.0,0.0,0.0,0.0,0.0,0.0,0.0,-0.0,-0.0,0.0,-0.0,0.0,0.0,-0.0,0.0,-0.0,-0.0,0.0,-11.2072,-7.1118,0.0,0.0,0.0,0.0,0.0,0.0,0.0,0.0,107.0,0.0,0.0,0.0,0.0,0.0,0.0,0.0,0.0,107.0,0.0,0.0,0.0,0.0,0.0,0.0,0.0,0.0,0.0,0.0,0.0,10.3202,0.0,0.0,0.0,0.0,0.0,0.0,0.0,0.0,0.0,0.0,0.0,0.0,0.0,0.0,0.0,0.0,0.0,0.0,175.3732,0.0,0.0,12.6387,175.3733,-0.0,175.373,0.0,27.5829,175.3725,0.0,-11.5346,-7.5045,0.0,-0.0,0.0,107.0001,0.0,0.0,7.7112,107.0002,0.0,107.0,0.0,16.8291,106.9997,0.0,0.0,0.0,0.0,0.0,0.0,0.0,0.0,0.0,0.0,0.0,0.0,0.0,0.0,0.0,0.0,11.0463,0.0,0.0,0.0,175.3732,0.0,0.0,12.6387,175.3733,0.0,175.373,0.0,27.5829,175.3725,0.0,0.0,0.0,0.0,0.0,1032.1587,1009.2389,1009.2434,1010.6066,1031.8325,1207.2053,1031.833,1009.2044,1012.8634,1031.8341,1009.2177,1043.0486,1030.9356,1009.1747,1207.2052,0.0,0.0,0.0,0.0,0.0,0.0,0.0,0.0,0.0,0.0,0.0,0.0,0.0,0.0,0.0,391.7171,412.7819,511.6677,401.1558,270.2701,110.9212,0.0,462.1978,398.9138,374.6687,509.6311,582.2989,587.5694,456.1428,112.3777,936.8762,910.454,878.8946,914.3555,991.5668,1096.2842,1079.2618,895.6148,916.383,948.5476,879.7032,846.5625,854.6309,897.6289,1094.8275
2027,141.6898,434.7149,128.7803,413.7744,90.9041,343.9492,133.9427,422.0183,162.3191,468.5268,219.9054,527.2722,209.7205,527.2722,111.9152,382.8193,135.0096,423.7668,141.8242,434.9362,91.9197,345.8277,38.275,246.595,50.1936,268.6271,113.9542,386.5948,216.0579,527.2722,0.0,141.8318,197.9843,-0.0,0.0,0.0,0.0,197.9732,-0.0,0.0,197.9912,198.0236,197.9187,198.0058,0.0,0.0,0.0,76.6659,107.0185,0.0,0.0,0.0,0.0,107.0125,0.0,0.0,107.0223,107.0635,106.9831,107.0301,0.0,0.0,0.0,0.0,0.0,0.0,0.0,0.0,0.0,0.0,0.0,0.0,0.0,0.0,0.0,0.0,0.0,141.8318,197.9843,0.0,0.0,0.0,0.0,197.9732,0.0,0.0,197.9912,198.0675,197.9187,198.0058,0.0,-0.0,0.0,0.0,-0.0,-0.0,-0.0,0.0,0.0,0.0,-0.0,0.0,-9.8878,0.0,0.0,-0.0,0.0,0.0,0.0,0.0,0.0,0.0,0.0,0.0,0.0,0.0,0.0,0.0,0.0,0.0,0.0,0.0,0.0,0.0,0.0,0.0,0.0,0.0,0.0,0.0,0.0,0.0,0.0,0.4324,0.0,0.0,0.0,0.0,0.0,0.0,0.0,0.0,0.0,0.0,0.0,0.0,0.0,0.0,0.0,0.0,0.0,0.0,-0.0,-0.0,-0.0,-0.0,-0.0,-0.0,-0.0,-0.0,-0.0,-0.0,-0.0,-9.8878,-0.0,-0.0,-0.0,0.0,0.0,0.0,0.0,0.0,0.0,107.0,107.0,0.0,0.0,0.0,0.0,0.0,0.0,0.0,107.0,0.0,0.0,0.0,0.0,0.0,0.0,0.0,0.0,0.0,0.0,0.0,0.4324,0.0,0.0,0.0,0.0,0.0,0.0,0.0,0.0,0.0,0.0,0.0,0.0,0.0,0.0,0.0,0.0,0.0,0.0,175.3745,49.7031,0.0,175.3756,175.3744,0.0,0.0,0.0,175.3758,175.4191,0.0,-10.2384,0.0,0.0,0.0,0.0,107.0009,30.3252,0.0,107.0016,107.0008,0.0,0.0,0.0,107.0017,107.0282,0.0,0.0,0.0,0.0,0.0,0.0,0.0,0.0,0.0,0.0,0.0,0.0,0.0,0.0,0.0,0.0,0.8079,0.0,0.0,0.0,175.3745,49.7031,0.0,175.3756,175.3744,0.0,0.0,0.0,175.3758,175.4191,0.0,0.0,0.0,0.0,0.0,972.2327,956.0982,949.6049,972.2313,972.2329,1147.6078,1147.6074,949.5961,972.2307,972.1264,949.5878,979.5485,949.7027,949.5534,1147.608,0.0,0.0,0.0,0.0,0.0,0.0,0.0,0.0,0.0,0.0,0.0,0.0,0.0,0.0,0.0,456.2492,488.3445,622.4757,487.2518,286.1255,206.8147,110.9087,556.9019,481.5844,425.87,619.7165,755.3161,723.3072,549.864,209.5971,907.7006,880.5357,838.7969,886.1353,956.3775,1051.7142,1036.6987,854.8919,889.5601,920.9251,839.5023,806.5313,813.9649,855.8322,1050.3886
2028,151.7027,455.1736,138.2074,433.0568,101.1265,366.3871,144.316,443.069,175.0982,493.5197,238.8801,537.8176,227.7328,537.8176,123.7966,408.3146,144.6,443.5323,153.0523,457.3877,102.2188,368.3945,44.683,261.9609,57.7142,286.0522,125.9509,412.2975,234.7917,537.8176,0.0,0.0,197.9153,0.0,0.0,0.0,0.0,198.0334,0.0,0.0,198.0036,197.9383,197.9373,197.9596,0.0,0.0,0.0,0.0,106.9812,0.0,0.0,0.0,0.0,107.0451,0.0,0.0,107.029,106.9937,106.9931,107.0052,0.0,0.0,0.0,0.0,0.0,0.0,0.0,0.0,0.0,0.0,0.0,0.0,0.0,0.0,0.0,0.0,0.0,0.0,197.9153,0.0,0.0,0.0,0.0,198.0334,0.0,0.0,198.0036,197.9383,197.9373,197.9596,0.0,-0.0,-0.0,-0.0,-0.0,-0.0,-0.0,-0.0,-0.0,-0.0,-0.0,-0.0,-0.4324,-0.0,-0.0,-0.0,0.0,0.0,0.0,0.0,0.0,0.0,0.0,0.0,0.0,0.0,0.0,0.0,0.0,0.0,0.0,0.0,0.0,0.0,0.0,0.0,0.0,0.0,0.0,0.0,0.0,0.0,0.0,0.0,0.0,0.0,0.0,0.0,0.0,0.0,0.0,0.0,0.0,0.0,0.0,0.0,0.0,0.0,0.0,0.0,0.0,0.0,-0.0,-0.0,-0.0,-0.0,-0.0,-0.0,-0.0,0.0,-0.0,-0.0,-0.0,-0.4324,0.0,-0.0,-0.0,0.0,0.0,0.0,0.0,0.0,0.0,107.0,107.0,0.0,0.0,0.0,0.0,0.0,0.0,0.0,107.0,0.0,0.0,0.0,0.0,0.0,0.0,0.0,0.0,0.0,0.0,0.0,0.0,0.0,0.0,0.0,0.0,0.0,0.0,0.0,0.0,0.0,0.0,0.0,0.0,0.0,0.0,0.0,0.0,0.0,0.0,175.3953,175.3674,-0.0,175.3695,175.3743,-0.0,-0.0,-0.0,175.3872,175.3712,-0.0,-0.8079,-0.0,-0.0,-0.0,0.0,107.0136,106.9966,0.0,106.9979,107.0008,0.0,0.0,0.0,107.0087,106.9989,0.0,0.0,0.0,0.0,0.0,0.0,0.0,0.0,0.0,0.0,0.0,0.0,0.0,0.0,0.0,0.0,0.0,0.0,0.0,0.0,175.3953,175.3674,0.0,175.3695,175.3743,0.0,0.0,0.0,175.3872,175.3712,0.0,0.0,0.0,0.0,0.0,911.1984,911.2589,888.6324,911.256,911.2448,1086.6239,1086.6239,888.5129,911.2142,911.2536,888.5927,890.3623,888.6912,888.63,1086.6239,0.0,0.0,0.0,0.0,0.0,0.0,0.0,0.0,0.0,0.0,0.0,0.0,0.0,0.0,0.0,488.1024,547.4348,713.3568,543.5754,276.0992,287.7625,205.5272,633.0253,531.1147,449.2492,709.8932,881.0701,840.4948,625.1086,291.7519,879.3451,852.1685,797.7513,854.9324,921.2711,1005.676,992.0055,812.3895,861.6839,887.8745,798.4161,764.6083,771.5036,813.3855,1004.4691
2029,162.3985,476.8356,149.4867,455.674,112.6419,391.26,154.7975,464.3779,187.5161,518.0006,259.4478,548.574,247.3057,548.574,133.9447,430.4194,154.8159,464.4068,165.9329,482.6299,113.805,393.4202,51.945,278.9469,66.2107,305.3818,135.5964,433.2847,255.1077,548.574,-0.0,-0.0,197.9523,-0.0,-0.0,-0.0,-0.0,146.4243,-0.0,-0.0,197.972,197.9653,197.9215,83.1567,-0.0,0.0,0.0,0.0,107.0012,0.0,0.0,0.0,0.0,79.1483,0.0,0.0,107.0119,107.0083,106.9846,44.9496,0.0,0.0,0.0,0.0,0.0,0.0,0.0,0.0,0.0,0.0,0.0,0.0,0.0,0.0,0.0,0.0,0.0,0.0,197.9523,0.0,0.0,0.0,0.0,146.4243,0.0,0.0,197.972,197.9653,197.9215,83.1567,0.0,0.0,0.0,-0.0,0.0,0.0,-0.0,-0.0,-0.0,0.0,0.0,-0.0,-0.0,-0.0,0.0,-0.0,0.0,0.0,0.0,0.0,0.0,0.0,0.0,0.0,0.0,0.0,0.0,0.0,0.0,0.0,0.0,0.0,0.0,0.0,0.0,0.0,0.0,0.0,0.0,0.0,0.0,0.0,0.0,0.0,0.0,0.0,0.0,0.0,0.0,0.0,0.0,0.0,0.0,0.0,0.0,0.0,0.0,0.0,0.0,0.0,0.0,0.0,-0.0,-0.0,-0.0,-0.0,-0.0,-0.0,-0.0,-0.0,-0.0,-0.0,-0.0,-0.0,-0.0,-0.0,-0.0,0.0,0.0,0.0,0.0,0.0,0.0,107.0,107.0,0.0,0.0,0.0,0.0,0.0,0.0,0.0,107.0,0.0,0.0,0.0,0.0,0.0,0.0,0.0,0.0,0.0,0.0,0.0,0.0,0.0,0.0,0.0,0.0,0.0,0.0,0.0,0.0,0.0,0.0,0.0,0.0,0.0,0.0,0.0,0.0,0.0,0.0,175.4144,175.3744,-0.0,175.3969,175.4675,-0.0,-0.0,45.6466,175.4241,175.3737,-0.0,-0.0,-0.0,101.7694,-0.0,0.0,107.0252,107.0009,0.0,107.0146,107.0577,0.0,0.0,27.8503,107.0312,107.0004,0.0,0.0,0.0,62.0924,0.0,0.0,0.0,0.0,0.0,0.0,0.0,0.0,0.0,0.0,0.0,0.0,0.0,0.0,0.0,0.0,175.4144,175.3744,0.0,175.3969,175.4675,0.0,0.0,45.6466,175.4241,175.3737,0.0,0.0,0.0,101.7694,0.0,850.1951,850.2651,827.6839,850.2256,850.1062,1025.64,1025.64,833.5844,850.1777,850.2661,827.6459,827.6704,827.7264,840.6735,1025.64,0.0,0.0,0.0,0.0,0.0,0.0,0.0,0.0,0.0,0.0,0.0,0.0,0.0,0.0,0.0,487.9079,579.1583,786.7752,568.2855,236.3035,355.106,285.3166,686.2156,547.9602,448.4678,782.6156,987.5541,940.9149,681.9133,360.1941,850.3896,818.5416,754.2655,825.5155,889.9019,958.2965,945.8506,780.394,833.3322,851.0475,754.9235,721.1864,727.3063,783.8687,957.1978
2030,175.6936,502.8408,162.0782,480.5246,125.2247,418.1918,165.6918,486.4421,202.4705,546.7285,281.6816,559.5455,268.5114,559.5455,144.2212,451.2588,167.1863,488.8969,180.1886,510.2088,126.514,420.5743,60.1812,297.8345,75.7143,326.5789,146.6703,455.2708,277.079,559.5455,0.0,0.0,198.0207,0.0,0.0,0.0,0.0,0.0,0.0,0.0,197.9626,197.956,197.8719,0.0,0.0,0.0,0.0,0.0,107.0382,0.0,0.0,0.0,0.0,0.0,0.0,0.0,107.0068,107.0032,106.9578,0.0,0.0,0.0,0.0,0.0,0.0,0.0,0.0,0.0,0.0,0.0,0.0,0.0,0.0,0.0,0.0,0.0,0.0,0.0,198.0207,0.0,0.0,0.0,0.0,0.0,0.0,0.0,197.9626,197.956,197.8719,0.0,0.0,-0.0,-0.0,-0.0,-0.0,-0.0,0.0,0.0,-0.0,-0.0,-0.0,0.0,-0.0,-0.0,-0.0,0.0,0.0,0.0,0.0,0.0,0.0,0.0,0.0,0.0,0.0,0.0,0.0,0.0,0.0,0.0,0.0,0.0,0.0,0.0,0.0,0.0,0.0,0.0,0.0,0.0,0.0,0.0,0.0,0.0,0.0,0.0,0.0,0.0,0.0,0.0,0.0,0.0,0.0,0.0,0.0,0.0,0.0,0.0,0.0,0.0,0.0,0.0,0.0,0.0,0.0,0.0,0.0,0.0,0.0,0.0,0.0,0.0,0.0,-0.0,0.0,0.0,0.0,0.0,0.0,0.0,0.0,0.0,0.0,107.0,107.0,0.0,0.0,0.0,0.0,0.0,0.0,0.0,107.0,0.0,0.0,0.0,0.0,0.0,0.0,0.0,0.0,0.0,0.0,0.0,0.0,0.0,0.0,0.0,0.0,0.0,0.0,0.0,0.0,0.0,0.0,0.0,0.0,0.0,0.0,0.0,0.0,0.0,0.0,175.3855,175.3813,0.0,175.417,175.3776,0.0,0.0,175.4168,175.383,175.3865,0.0,-0.0,0.0,175.3743,0.0,0.0,107.0076,107.0051,0.0,107.0268,107.0028,0.0,0.0,107.0267,107.0061,107.0083,0.0,0.0,0.0,107.0008,0.0,0.0,0.0,0.0,0.0,0.0,0.0,0.0,0.0,0.0,0.0,0.0,0.0,0.0,0.0,0.0,175.3855,175.3813,0.0,175.417,175.3776,0.0,0.0,175.4168,175.383,175.3865,0.0,0.0,0.0,175.3743,0.0,789.2628,789.2696,766.5869,789.1513,789.2758,964.656,964.656,789.2121,789.2668,789.2611,766.666,766.6974,766.8236,789.2809,964.656,0.0,0.0,0.0,0.0,0.0,0.0,0.0,0.0,0.0,0.0,0.0,0.0,0.0,0.0,0.0,463.0167,585.9646,843.5323,560.8183,173.2949,410.0624,351.604,725.251,538.1654,425.6725,839.0009,1078.1692,1025.9813,720.3277,416.1508,814.1541,782.4633,709.8298,796.6184,852.2844,909.6996,898.3686,750.1768,799.0615,812.0565,710.2807,676.0824,681.7572,750.8665,908.6993
2031,191.2093,532.5676,176.0468,507.7169,138.9134,446.9174,179.2312,512.9348,220.4219,570.7364,305.6588,570.7364,291.4264,570.7364,156.4581,475.6107,181.8515,517.2306,194.9431,538.6941,139.135,447.4276,69.4761,318.8475,86.3749,350.1455,159.05,479.8592,300.7827,570.7364,-0.0,-0.0,168.3979,-0.0,-0.0,-0.0,-0.0,-0.0,-0.0,-0.0,163.9051,197.9871,198.0329,-0.0,-0.0,0.0,0.0,0.0,91.0259,0.0,0.0,0.0,0.0,0.0,0.0,0.0,88.5973,107.0201,107.0448,0.0,0.0,0.0,0.0,0.0,0.0,0.0,0.0,0.0,0.0,0.0,0.0,0.0,0.0,0.0,0.0,0.0,0.0,0.0,168.3979,0.0,0.0,0.0,0.0,0.0,0.0,0.0,163.9051,197.9871,198.0329,0.0,0.0,0.0,0.0,0.0,0.0,0.0,0.0,0.0,0.0,0.0,0.0,-0.0,0.0,0.0,0.0,0.0,0.0,0.0,0.0,0.0,0.0,0.0,0.0,0.0,0.0,0.0,0.0,0.0,0.0,0.0,0.0,0.0,0.0,0.0,0.0,0.0,0.0,0.0,0.0,0.0,0.0,0.0,0.0,0.0,0.0,0.0,0.0,0.0,0.0,0.0,0.0,0.0,0.0,0.0,0.0,0.0,0.0,0.0,0.0,0.0,0.0,0.0,-0.0,-0.0,0.0,-0.0,-0.0,-0.0,-0.0,-0.0,-0.0,-0.0,-0.0,-0.0,-0.0,-0.0,-0.0,0.0,0.0,0.0,0.0,0.0,107.0,107.0,107.0,0.0,0.0,0.0,0.0,0.0,0.0,0.0,107.0,0.0,0.0,0.0,0.0,0.0,0.0,0.0,0.0,0.0,0.0,0.0,0.0,0.0,0.0,0.0,0.0,0.0,0.0,0.0,0.0,0.0,0.0,0.0,0.0,0.0,0.0,0.0,0.0,0.0,0.0,175.3731,175.3744,39.3129,175.3716,14.9544,0.0,0.0,175.372,175.3744,175.3908,40.0643,0.0,0.0,175.3729,0.0,0.0,107.0001,107.0008,16.2256,106.9992,0.0,0.0,0.0,106.9994,107.0008,107.0108,18.4244,0.0,0.0,107.0,0.0,0.0,0.0,12.7192,0.0,14.9544,0.0,0.0,0.0,0.0,0.0,9.8667,0.0,0.0,0.0,0.0,175.3731,175.3744,26.5937,175.3716,0.0,0.0,0.0,175.372,175.3744,175.3908,30.1976,0.0,0.0,175.3729,0.0,728.2983,728.2967,695.5261,728.3012,888.7168,903.672,903.672,728.3005,728.2964,728.2562,699.6649,705.6663,705.6027,728.2991,903.672,0.0,0.0,0.0,0.0,0.0,0.0,0.0,0.0,0.0,0.0,0.0,0.0,0.0,0.0,0.0,418.3074,570.107,874.4929,528.6455,254.1224,453.74,405.5976,738.79,507.1956,379.681,869.0476,1154.4446,1097.0381,733.2384,460.7391,773.0076,744.1543,664.5656,760.474,807.8893,859.9944,849.6784,714.7614,759.2662,774.2477,669.6182,629.3909,634.5458,715.3884,859.0837
2032,208.2313,564.861,189.7895,534.6174,149.0079,467.7794,195.2651,543.6184,240.083,582.1511,331.4605,582.1511,316.131,582.1511,170.0733,502.3259,197.9928,548.0871,208.9908,566.0526,149.2242,468.1092,79.6392,341.0496,97.5727,374.5336,172.3411,506.0286,326.2997,582.1511,0.0,0.0,13.0753,0.0,0.0,-0.0,-0.0,-0.0,0.0,-0.0,4.4147,214.3479,198.0676,-0.0,-0.0,0.0,0.0,0.0,0.0,0.0,0.0,0.0,0.0,0.0,0.0,0.0,0.0,107.0,107.0636,0.0,0.0,0.0,0.0,13.0753,0.0,0.0,0.0,0.0,0.0,0.0,0.0,4.4147,16.3978,0.0,0.0,0.0,0.0,0.0,0.0,0.0,0.0,0.0,0.0,0.0,0.0,0.0,0.0,197.9501,198.0676,0.0,0.0,0.0,0.0,0.0,0.0,0.0,0.0,0.0,0.0,0.0,0.0,0.0,0.0,0.0,0.0,0.0,0.0,0.0,0.0,0.0,0.0,0.0,0.0,0.0,0.0,0.0,0.0,0.0,0.0,0.0,0.0,0.0,0.0,0.0,0.0,0.0,0.0,0.0,0.0,0.0,0.0,0.0,0.0,0.0,0.0,0.0,0.0,0.0,0.0,0.0,0.0,0.0,0.0,0.0,0.0,0.0,0.0,0.0,0.0,0.0,0.0,0.0,0.0,0.0,0.0,0.0,0.0,0.0,0.0,0.0,0.0,0.0,0.0,0.0,0.0,0.0,0.0,0.0,0.0,0.0,0.0,0.0,107.0,107.0,107.0,0.0,0.0,0.0,0.0,0.0,0.0,0.0,107.0,0.0,0.0,0.0,0.0,0.0,0.0,0.0,0.0,0.0,0.0,0.0,0.0,0.0,0.0,0.0,0.0,0.0,0.0,0.0,0.0,0.0,0.0,0.0,0.0,0.0,0.0,0.0,0.0,0.0,0.0,175.3904,175.4885,162.6776,175.4036,-14.9544,-0.0,-0.0,175.4032,175.4047,175.5481,165.4903,-0.0,-0.0,175.4467,-0.0,0.0,107.0106,107.0705,107.0145,107.0187,0.0,0.0,0.0,107.0184,107.0193,107.1068,106.9902,0.0,0.0,107.045,0.0,0.0,0.0,0.0,0.0,0.0,0.0,0.0,0.0,0.0,0.0,0.0,0.0,0.0,0.0,0.0,175.3904,175.4885,175.3967,175.4036,0.0,0.0,0.0,175.4032,175.4047,175.5481,175.357,0.0,0.0,175.4467,0.0,667.2915,667.103,666.9605,667.2718,857.6426,842.688,842.688,667.2732,667.271,666.9859,672.8625,628.3402,644.5683,667.1836,842.688,0.0,0.0,0.0,0.0,0.0,0.0,0.0,0.0,0.0,0.0,0.0,0.0,0.0,0.0,0.0,355.5312,527.8236,904.8427,477.2767,350.0924,487.152,448.4015,729.0372,456.9212,305.2782,900.2424,1200.1276,1152.4843,721.1577,494.9802,730.0677,709.3863,636.6106,718.6406,761.6726,809.276,799.8841,677.0261,717.5455,741.3888,641.6678,582.6572,589.1221,679.2644,808.4469
2033,223.4416,593.9102,203.6257,561.757,159.8022,489.9492,212.7336,576.709,261.3624,593.7941,359.1674,593.7941,342.7049,593.7941,184.415,530.301,213.0441,577.1767,227.0874,593.7941,160.8839,491.721,91.0123,365.927,109.7593,400.9073,184.6558,530.6742,353.7106,593.7941,0.0,0.0,-13.0753,0.0,0.0,0.0,0.0,0.0,0.0,0.0,-4.4147,293.1216,239.6782,0.0,0.0,0.0,0.0,0.0,0.0,0.0,0.0,0.0,0.0,0.0,0.0,0.0,0.0,106.9976,106.9517,0.0,0.0,0.0,0.0,0.0,0.0,0.0,0.0,0.0,0.0,0.0,0.0,0.0,111.5739,41.8175,0.0,0.0,0.0,0.0,0.0,0.0,0.0,0.0,0.0,0.0,0.0,0.0,0.0,197.9456,197.8606,0.0,0.0,-0.0,-0.0,-0.0,-0.0,-0.0,-0.0,-0.0,-0.0,-0.0,-0.0,-0.0,-0.0,-0.0,-0.0,-0.0,0.0,0.0,0.0,0.0,0.0,0.0,0.0,0.0,0.0,0.0,0.0,0.0,0.0,0.0,0.0,0.0,0.0,0.0,0.0,0.0,0.0,0.0,0.0,0.0,0.0,0.0,0.0,0.0,0.0,0.0,0.0,0.0,0.0,0.0,0.0,0.0,0.0,0.0,0.0,0.0,0.0,0.0,0.0,0.0,0.0,0.0,-0.0,-0.0,-0.0,-0.0,-0.0,-0.0,-0.0,-0.0,-0.0,-0.0,-0.0,0.0,-0.0,-0.0,-0.0,0.0,68.2152,0.0,0.0,0.0,107.0,107.0,107.0,0.0,0.0,107.0,0.0,0.0,0.0,0.0,107.0,0.0,0.0,0.0,0.0,0.0,0.0,0.0,0.0,0.0,0.0,0.0,0.0,0.0,0.0,0.0,0.0,0.0,0.0,0.0,0.0,0.0,0.0,0.0,0.0,0.0,0.0,0.0,0.0,0.0,0.0,119.6016,175.4386,175.3118,175.3816,-0.0,-0.0,-0.0,175.4518,175.5222,52.4696,175.3921,-0.0,-0.0,175.6456,-0.0,0.0,38.8189,107.04,106.9627,107.0053,0.0,0.0,0.0,107.0481,107.091,0.0,107.0116,0.0,0.0,107.1663,0.0,55.9775,0.0,0.0,0.0,0.0,0.0,0.0,0.0,0.0,52.4696,0.0,0.0,0.0,0.0,0.0,63.6241,175.4386,175.3118,175.3816,0.0,0.0,0.0,175.4518,175.5222,0.0,175.3921,0.0,0.0,175.6456,0.0,662.0033,606.2402,619.4691,606.3204,781.704,781.704,781.7042,606.2063,606.0868,729.2344,610.7191,488.587,541.9834,605.9007,781.7043,0.0,0.0,0.0,0.0,0.0,0.0,0.0,0.0,0.0,0.0,0.0,0.0,0.0,0.0,0.0,321.7097,457.2503,916.3332,408.1867,417.5,511.2169,481.0169,695.6344,380.6984,335.9998,901.0292,1154.2774,1151.1184,678.0292,519.8001,695.8248,676.8135,607.9786,675.4104,714.2964,757.6391,749.0888,639.6091,682.3095,698.5128,609.9323,534.4372,543.3493,649.0292,756.8844
2034,243.8718,605.67,222.347,597.0175,173.459,516.8902,227.7925,605.7033,284.3951,605.67,388.8637,605.67,371.232,605.67,197.405,556.1307,229.8121,605.67,247.8704,605.67,175.3889,520.0499,103.1411,392.3032,123.1719,429.7307,200.2062,560.7388,383.0995,605.67,-0.0,-0.0,-0.0,-0.0,-0.0,-0.0,-0.0,-0.0,-0.0,-0.0,-0.0,120.9562,156.2254,-0.0,-0.0,0.0,0.0,0.0,0.0,0.0,0.0,0.0,0.0,0.0,0.0,0.0,0.0,107.017,107.0502,0.0,0.0,0.0,0.0,0.0,0.0,0.0,0.0,0.0,0.0,0.0,0.0,0.0,34.5486,0.0,0.0,0.0,0.0,0.0,0.0,0.0,0.0,0.0,0.0,0.0,0.0,0.0,0.0,197.9814,198.0429,0.0,0.0,-0.0,-0.0,0.0,-0.0,-0.0,0.0,0.0,-0.0,-0.0,-0.0,-0.0,0.0,-0.0,-0.0,0.0,0.0,0.0,0.0,0.0,0.0,0.0,0.0,0.0,0.0,0.0,0.0,0.0,0.0,0.0,0.0,0.0,0.0,0.0,0.0,0.0,0.0,0.0,0.0,0.0,0.0,0.0,0.0,0.0,0.0,0.0,0.0,0.0,0.0,0.0,0.0,0.0,0.0,0.0,0.0,0.0,0.0,0.0,0.0,0.0,0.0,0.0,0.0,-0.0,0.0,0.0,0.0,0.0,0.0,0.0,0.0,-0.0,0.0,0.0,-0.0,0.0,0.0,0.0,107.0,0.0,0.0,83.6213,107.0,107.0,107.0,0.0,107.0,107.0,0.0,0.0,0.0,0.0,107.0,0.0,0.0,0.0,0.0,0.0,0.0,0.0,0.0,0.0,0.0,0.0,0.0,0.0,0.0,0.0,0.0,0.0,0.0,0.0,0.0,0.0,0.0,0.0,0.0,0.0,0.0,0.0,0.0,0.0,0.0,-53.8839,175.3622,175.365,101.0638,-0.0,-0.0,-0.0,175.4673,69.4241,-52.4696,175.3671,-0.0,-0.0,175.362,-0.0,0.0,0.0,106.9934,106.9951,23.3903,0.0,0.0,0.0,107.0576,0.0,0.0,106.9964,0.0,0.0,106.9933,0.0,2.0936,0.0,0.0,62.7271,0.0,0.0,0.0,0.0,69.4241,0.0,0.0,0.0,0.0,0.0,0.0,0.0,175.3622,175.365,38.3367,0.0,0.0,0.0,175.4673,0.0,0.0,175.3671,0.0,0.0,175.362,0.0,774.6031,545.3608,545.358,619.6007,720.72,720.7192,720.7188,545.1919,651.2939,773.1872,545.3554,599.7367,564.4428,545.3607,720.7189,0.0,0.0,0.0,0.0,0.0,0.0,0.0,0.0,0.0,0.0,0.0,0.0,0.0,0.0,0.0,447.5395,371.0393,890.2413,385.1984,472.5109,526.7692,504.354,631.5618,387.5501,458.1832,875.6894,1266.7627,1219.0774,612.8568,536.0397,648.7733,631.5719,571.4499,642.589,665.7091,705.1668,697.3816,609.2644,644.4422,651.0038,570.6951,487.2515,496.4838,610.5331,704.4793
2035,266.0476,617.7834,242.67,617.7834,189.377,547.6329,248.923,617.7834,309.268,617.7834,420.6381,617.7834,401.7995,617.7834,215.1503,589.8744,251.1295,617.7834,270.2758,617.7834,191.3942,550.9391,116.5492,421.565,137.9937,461.2327,218.718,595.7223,414.5547,617.7834,0.0,0.0,0.0,0.0,0.0,0.0,0.0,0.0,0.0,0.0,0.0,163.2937,197.9638,0.0,0.0,0.0,0.0,0.0,0.0,0.0,0.0,0.0,0.0,0.0,0.0,0.0,0.0,106.9418,107.0075,0.0,0.0,0.0,0.0,0.0,0.0,0.0,0.0,0.0,0.0,0.0,0.0,0.0,0.0,0.0,0.0,0.0,0.0,0.0,0.0,0.0,0.0,0.0,0.0,0.0,0.0,0.0,0.0,197.8423,197.9638,0.0,0.0,0.0,0.0,-0.0,0.0,-0.0,-0.0,-0.0,0.0,0.0,-0.0,-0.0,-0.0,0.0,0.0,-0.0,0.0,0.0,0.0,0.0,0.0,0.0,0.0,0.0,0.0,0.0,0.0,0.0,0.0,0.0,0.0,0.0,0.0,0.0,0.0,0.0,0.0,0.0,0.0,0.0,0.0,0.0,0.0,0.0,0.0,0.0,0.0,0.0,0.0,0.0,0.0,0.0,0.0,0.0,0.0,0.0,0.0,0.0,0.0,0.0,0.0,0.0,-0.0,0.0,0.0,-0.0,0.0,0.0,0.0,0.0,-0.0,0.0,0.0,-0.0,0.0,0.0,0.0,0.0,107.0,107.0,0.0,107.0,107.0,107.0,107.0,0.0,107.0,107.0,0.0,0.0,0.0,0.0,107.0,0.0,0.0,0.0,0.0,0.0,0.0,0.0,0.0,0.0,0.0,0.0,0.0,0.0,0.0,0.0,0.0,0.0,0.0,0.0,0.0,0.0,0.0,0.0,0.0,0.0,0.0,0.0,0.0,0.0,0.0,-2.0936,27.0206,175.3735,-62.7271,0.0,0.0,0.0,175.3745,-69.4241,0.0,175.3736,0.0,0.0,175.3748,0.0,0.0,0.0,0.0,107.0003,0.0,0.0,0.0,0.0,107.0009,0.0,0.0,107.0004,0.0,0.0,107.0011,0.0,0.0,27.0206,0.0,0.0,0.0,0.0,0.0,0.0,0.0,0.0,0.0,0.0,0.0,0.0,0.0,0.0,0.0,175.3735,0.0,0.0,0.0,0.0,175.3745,0.0,0.0,175.3736,0.0,0.0,175.3748,0.0,661.8285,632.7153,484.3624,722.4648,659.7357,659.736,659.736,484.3606,729.1601,659.735,484.3621,496.3508,461.7418,484.3603,659.736,0.0,0.0,0.0,0.0,0.0,0.0,0.0,0.0,0.0,0.0,0.0,0.0,0.0,0.0,0.0,508.9488,418.6549,844.4071,512.9825,516.2381,534.5743,519.2464,549.524,520.3964,515.2973,830.5477,1324.2002,1232.6085,531.4262,544.4705,600.4192,585.0997,530.1966,594.6808,616.0085,651.9309,644.8436,566.3984,596.3138,602.6208,529.5038,438.9133,448.2107,565.7909,651.3052
2036,289.975,630.1391,264.8656,630.1391,205.2522,578.3962,271.7179,630.1391,336.0663,630.1391,454.5802,630.1391,434.4969,630.1391,235.1627,627.4195,274.1008,630.1391,294.5087,630.1391,205.3401,578.5461,131.1028,452.6074,153.6396,494.007,236.9789,630.2318,448.1658,630.1391,-0.0,-0.0,-0.0,-0.0,-0.0,-0.0,-0.0,-0.0,-0.0,-0.0,-0.0,197.988,167.5673,-0.0,-0.0,0.0,0.0,0.0,0.0,0.0,0.0,0.0,0.0,0.0,0.0,0.0,0.0,107.0206,90.5769,0.0,0.0,0.0,0.0,0.0,0.0,-0.0,0.0,0.0,-0.0,0.0,0.0,0.0,0.0,0.0,0.0,-0.0,0.0,0.0,0.0,0.0,0.0,0.0,0.0,0.0,0.0,0.0,0.0,197.988,167.5673,0.0,0.0,0.0,0.0,0.0,0.0,0.0,0.0,0.0,0.0,0.0,0.0,0.0,0.0,0.0,0.0,0.0,0.0,0.0,0.0,0.0,0.0,0.0,0.0,0.0,0.0,0.0,0.0,0.0,0.0,0.0,0.0,0.0,0.0,0.0,0.0,0.0,0.0,0.0,0.0,0.0,0.0,0.0,0.0,0.0,0.0,0.0,0.0,0.0,0.0,0.0,0.0,0.0,0.0,0.0,0.0,0.0,0.0,0.0,0.0,0.0,0.0,0.0,-0.0,-0.0,-0.0,-0.0,-0.0,-0.0,-0.0,-0.0,-0.0,-0.0,-0.0,-0.0,0.0,-0.0,-0.0,0.0,107.0,107.0,0.0,107.0,107.0,107.0,107.0,0.0,107.0,107.0,0.0,0.0,0.0,37.8106,107.0,0.0,0.0,0.0,0.0,0.0,0.0,0.0,0.0,0.0,0.0,0.0,0.0,0.0,0.0,0.0,0.0,0.0,0.0,0.0,0.0,0.0,0.0,0.0,0.0,0.0,0.0,0.0,0.0,0.0,0.0,-0.0,-27.0206,175.389,-0.0,-0.0,-0.0,-0.0,175.3723,-0.0,-0.0,175.3951,0.0,37.0221,113.5339,-0.0,0.0,0.0,0.0,107.0097,0.0,0.0,0.0,0.0,106.9996,0.0,0.0,107.0135,0.0,16.3852,69.2702,0.0,0.0,0.0,0.0,0.0,0.0,0.0,0.0,0.0,0.0,0.0,0.0,0.0,10.1667,0.0,0.0,0.0,0.0,175.389,0.0,0.0,0.0,0.0,175.3723,0.0,0.0,175.3951,0.0,26.8554,113.5339,0.0,598.752,625.7727,423.3315,598.752,598.7518,598.752,598.752,423.3799,598.752,598.752,423.317,400.72,394.2312,485.0189,598.752,0.0,0.0,0.0,0.0,0.0,0.0,0.0,0.0,0.0,0.0,0.0,0.0,0.0,0.0,0.0,556.598,507.4395,775.5736,565.8552,549.6938,535.3258,526.4503,452.7739,571.7828,560.942,756.1103,1334.5504,1225.7829,491.3293,545.7916,551.1028,536.9881,492.165,545.8793,565.2961,598.0005,591.5481,520.13,547.3656,553.1073,497.7544,390.3698,401.0567,525.1158,597.4309
2037,315.4047,642.7419,288.4491,642.7419,220.5139,608.1687,295.9814,642.7419,364.447,642.7419,490.2831,642.7419,468.9271,642.7419,256.5014,642.7419,298.5452,642.7419,320.2527,642.7419,222.8527,612.0607,147.1664,486.4607,164.7332,516.7769,258.6559,642.7419,483.5291,642.7419,0.0,0.0,0.0,0.0,0.0,0.0,0.0,0.0,0.0,0.0,0.0,197.8541,15.4394,0.0,0.0,0.0,0.0,0.0,0.0,0.0,0.0,0.0,0.0,0.0,0.0,0.0,0.0,106.8948,0.0,0.0,0.0,0.0,0.0,0.0,0.0,0.0,0.0,0.0,0.0,0.0,0.0,0.0,0.0987,15.4394,0.0,0.0,0.0,0.0,0.0,0.0,0.0,0.0,0.0,0.0,0.0,0.0,0.0,197.7554,0.0,0.0,0.0,-0.0,-0.0,-0.0,-0.0,-0.0,-0.0,-0.0,0.0,-0.0,-0.0,-0.0,0.0,-0.0,-0.0,-0.0,0.0,0.0,0.0,0.0,0.0,0.0,0.0,0.0,0.0,0.0,0.0,0.0,0.0,0.0,0.0,0.0,0.0,0.0,0.0,0.0,0.0,0.0,0.0,0.0,0.0,0.0,0.0,0.0,0.0,0.0,0.0,0.0,0.0,0.0,0.0,0.0,0.0,0.0,0.0,0.0,0.0,0.0,0.0,0.0,0.0,0.0,-0.0,-0.0,-0.0,-0.0,-0.0,-0.0,-0.0,0.0,-0.0,-0.0,-0.0,0.0,-0.0,-0.0,-0.0,0.1854,107.0,107.0,0.0,107.0,107.0,107.0,107.0,107.0,107.0,107.0,0.0,0.0,0.0,107.0,107.0,0.0,0.0,0.0,0.0,0.0,0.0,0.0,0.0,0.0,0.0,0.0,0.0,0.0,0.0,0.0,0.0,0.0,0.0,0.0,0.0,0.0,0.0,0.0,0.0,0.0,0.0,0.0,0.0,0.0,0.0,0.0,0.0,175.8322,0.0,0.0,0.0,0.0,3.632,0.0,0.0,175.4378,0.0,165.401,0.0,0.0,0.0,0.0,0.0,107.2802,0.0,0.0,0.0,0.0,0.0,0.0,0.0,107.0395,0.0,107.1188,0.0,0.0,0.0,0.0,0.0,0.0,0.0,0.0,0.0,3.632,0.0,0.0,0.0,0.0,0.0,0.0,0.0,0.0,0.0,175.8322,0.0,0.0,0.0,0.0,0.0,0.0,0.0,175.4378,0.0,175.5677,0.0,0.0,537.768,537.7681,361.7077,537.7681,537.7677,537.768,537.768,534.1358,537.7681,537.768,362.3071,339.9198,356.7992,537.7678,537.768,0.0,0.0,0.0,0.0,0.0,0.0,0.0,0.0,0.0,0.0,0.0,0.0,0.0,0.0,0.0,592.6352,556.3269,678.616,606.6479,572.8061,528.664,525.6628,513.2077,611.2224,595.1543,660.7535,1333.9686,1209.3793,551.0423,539.6483,501.7307,488.8806,458.6654,496.9753,514.6555,544.4298,538.5555,473.702,498.3285,503.5556,457.6639,340.5016,373.2028,478.0548,543.9112
2038,340.4974,655.5967,311.727,655.5967,239.2988,643.9779,319.9317,655.5967,392.4366,655.5967,525.4575,655.5967,502.8515,655.5967,277.7009,655.5967,322.6735,655.5967,345.6539,655.5967,241.7401,647.9793,159.957,514.238,176.5584,541.1444,280.0496,655.5967,518.3709,655.5967,0.0,0.0,0.0,0.0,0.0,0.0,0.0,0.0,0.0,0.0,0.0,168.515,-15.4394,0.0,0.0,0.0,0.0,0.0,0.0,0.0,0.0,0.0,0.0,0.0,0.0,0.0,0.0,91.1426,0.0,0.0,0.0,0.0,0.0,0.0,0.0,0.0,0.0,0.0,0.0,0.0,0.0,0.0,0.0,0.0,0.0,0.0,0.0,0.0,0.0,0.0,0.0,0.0,0.0,0.0,0.0,0.0,0.0,168.6137,0.0,0.0,0.0,0.0,0.0,0.0,0.0,0.0,-0.0,0.0,-0.0,0.0,0.0,0.0,-0.0,0.0,0.0,-0.0,0.0,0.0,0.0,0.0,0.0,0.0,0.0,0.0,0.0,0.0,0.0,0.0,0.0,0.0,0.0,0.0,0.0,0.0,0.0,0.0,0.0,0.0,0.0,0.0,0.0,0.0,0.0,0.0,0.0,0.0,0.0,0.0,0.0,0.0,0.0,0.0,0.0,0.0,0.0,0.0,0.0,0.0,0.0,0.0,0.0,0.0,0.0,0.0,0.0,0.0,0.0,0.0,0.0,0.0,0.0,0.0,0.0,-0.0,-0.0,0.0,0.0,0.0,107.0,107.0,0.0,107.0,107.0,107.0,107.0,107.0,107.0,107.0,0.0,0.0,0.0,107.0,107.0,0.0,0.0,0.0,0.0,0.0,0.0,0.0,0.0,0.0,0.0,0.0,0.0,0.0,0.0,0.0,0.0,0.0,0.0,0.0,0.0,0.0,0.0,0.0,0.0,0.0,0.0,0.0,0.0,0.0,0.0,-0.0,-0.0,175.3665,-0.0,-0.0,-0.0,-0.0,-3.632,-0.0,-0.0,175.3665,33.9309,175.3825,-0.0,-0.0,0.0,0.0,0.0,106.996,0.0,0.0,0.0,0.0,0.0,0.0,0.0,106.996,15.6044,107.0058,0.0,0.0,0.0,0.0,0.0,0.0,0.0,0.0,0.0,0.0,0.0,0.0,0.0,8.3553,0.0,0.0,0.0,0.0,0.0,175.3665,0.0,0.0,0.0,0.0,0.0,0.0,0.0,175.3665,25.5756,175.3825,0.0,0.0,476.7838,476.783,301.419,476.7832,476.784,476.784,476.784,480.416,476.7829,476.7839,301.4191,274.4964,316.8387,476.784,476.784,0.0,0.0,0.0,0.0,0.0,0.0,0.0,0.0,0.0,0.0,0.0,0.0,0.0,0.0,0.0,612.6281,588.019,562.3974,630.9708,581.0359,509.7865,512.1335,562.5213,634.3127,613.4858,545.5243,1302.3603,1181.2764,592.5915,521.243,456.791,445.0909,417.6376,452.4604,468.5542,495.6615,490.3133,431.1024,453.6926,458.4525,416.6483,306.1047,344.9417,435.2347,495.1893
2039,365.2263,668.7086,334.6718,668.7086,257.7714,668.7086,343.54,668.7086,420.0069,668.7086,562.2395,668.7086,538.0511,668.7086,298.5361,668.7086,346.4571,668.7086,370.6858,668.7086,260.297,668.7086,171.2487,538.4909,189.8425,567.9578,301.1444,668.7086,554.6569,668.7086,-0.0,-0.0,-0.0,-0.0,-0.0,-0.0,-0.0,-0.0,-0.0,-0.0,-0.0,21.0681,-0.0,-0.0,-0.0,0.0,0.0,0.0,0.0,0.0,0.0,0.0,0.0,0.0,0.0,0.0,0.0,0.0,0.0,0.0,0.0,0.0,0.0,0.0,0.0,0.0,0.0,0.0,0.0,0.0,0.0,0.0,21.0681,0.0,0.0,0.0,0.0,0.0,0.0,0.0,0.0,0.0,0.0,0.0,0.0,0.0,0.0,0.0,0.0,0.0,0.0,-0.0,-0.0,0.0,-0.0,-0.0,0.0,0.0,-0.0,-0.0,-0.0,0.0,-0.0,-0.0,-0.0,0.0,0.0,0.0,0.0,0.0,0.0,0.0,0.0,0.0,0.0,0.0,0.0,0.0,0.0,0.0,0.0,0.0,0.0,0.0,0.0,0.0,0.0,0.0,0.0,0.0,0.0,0.0,0.0,0.0,0.0,0.0,0.0,0.0,0.0,0.0,0.0,0.0,0.0,0.0,0.0,0.0,0.0,0.0,0.0,0.0,0.0,0.0,-0.0,-0.0,0.0,-0.0,-0.0,-0.0,-0.0,-0.0,-0.0,-0.0,0.0,-0.0,-0.0,-0.0,-0.0,0.0,107.0,107.0,107.0,107.0,107.0,107.0,107.0,107.0,107.0,107.0,107.0,0.0,0.0,107.0,107.0,0.0,0.0,0.0,0.0,0.0,0.0,0.0,0.0,0.0,0.0,0.0,0.0,0.0,0.0,0.0,0.0,0.0,0.0,0.0,0.0,0.0,0.0,0.0,0.0,0.0,0.0,0.0,0.0,0.0,0.0,-0.0,-0.0,30.146,-0.0,-0.0,-0.0,-0.0,-0.0,-0.0,-0.0,31.1596,167.7953,175.2894,0.0,-0.0,0.0,0.0,0.0,0.0,0.0,0.0,0.0,0.0,0.0,0.0,0.0,0.0,107.4744,106.949,0.0,0.0,0.0,0.0,30.146,0.0,0.0,0.0,0.0,0.0,0.0,0.0,31.1596,0.0,0.0,0.0,0.0,0.0,0.0,0.0,0.0,0.0,0.0,0.0,0.0,0.0,0.0,0.0,176.1506,175.2894,0.0,0.0,415.8,415.7996,385.6533,415.7998,415.8,415.8,415.8,415.7999,415.7997,415.8,384.6403,227.2428,240.5436,415.7999,415.8,0.0,0.0,0.0,0.0,0.0,0.0,0.0,0.0,0.0,0.0,0.0,0.0,0.0,0.0,0.0,612.5564,598.5995,567.6554,634.842,570.2549,478.251,484.8952,585.8371,637.0623,611.9014,550.6698,1250.4606,1107.7829,612.1452,489.8527,415.8717,405.2191,380.3954,411.9286,426.581,447.3355,443.0383,392.4841,413.0501,417.3844,379.4948,279.1426,314.0371,396.2463,447.1904
2040,390.7921,682.0828,358.0981,682.0828,276.0987,682.0828,367.5871,682.0828,449.4074,682.0828,601.5963,682.0828,575.7147,682.0828,319.433,682.0828,370.7084,682.0828,396.6338,682.0828,278.7067,682.0828,183.1157,562.0153,203.1102,594.7964,322.2239,682.0828,593.4829,682.0828,0.0,0.0,0.0,0.0,0.0,0.0,0.0,0.0,0.0,0.0,0.0,-1.2175,0.0,0.0,0.0,0.0,0.0,0.0,0.0,0.0,0.0,0.0,0.0,0.0,0.0,0.0,0.0,0.0,0.0,0.0,0.0,0.0,0.0,0.0,0.0,0.0,0.0,0.0,0.0,0.0,0.0,0.0,19.8507,0.0,0.0,0.0,0.0,0.0,0.0,0.0,0.0,0.0,0.0,0.0,0.0,0.0,0.0,0.0,0.0,0.0,0.0,-0.0,-0.0,-0.0,-0.0,-0.0,-0.0,-0.0,-0.0,-0.0,-0.0,-0.0,-0.0,-0.0,-0.0,-0.0,0.0,0.0,0.0,0.0,0.0,0.0,0.0,0.0,0.0,0.0,0.0,0.0,0.0,0.0,0.0,0.0,0.0,0.0,0.0,0.0,0.0,0.0,0.0,0.0,0.0,0.0,0.0,0.0,0.0,0.0,0.0,0.0,0.0,0.0,0.0,0.0,0.0,0.0,0.0,0.0,0.0,0.0,0.0,0.0,0.0,0.0,-0.0,-0.0,-0.0,-0.0,-0.0,-0.0,-0.0,-0.0,-0.0,-0.0,-0.0,0.0,-0.0,-0.0,-0.0,0.0,107.0,107.0,107.0,107.0,107.0,107.0,107.0,107.0,107.0,107.0,107.0,0.0,0.0,107.0,107.0,0.0,0.0,0.0,0.0,0.0,0.0,0.0,0.0,0.0,0.0,0.0,0.0,0.0,0.0,0.0,0.0,0.0,0.0,0.0,0.0,0.0,0.0,0.0,0.0,0.0,0.0,0.0,0.0,0.0,0.0,0.0,0.0,-30.146,0.0,0.0,0.0,0.0,0.0,0.0,0.0,-31.1596,175.2999,175.3517,0.0,0.0,0.0,0.0,0.0,0.0,0.0,0.0,0.0,0.0,0.0,0.0,0.0,0.0,106.9554,106.987,0.0,0.0,0.0,0.0,0.0,0.0,0.0,0.0,0.0,0.0,0.0,0.0,0.0,0.0,0.0,0.0,0.0,0.0,0.0,0.0,0.0,0.0,0.0,0.0,0.0,0.0,0.0,0.0,175.2999,175.3517,0.0,0.0,354.816,354.816,384.9619,354.816,354.816,354.816,354.816,354.816,354.816,354.816,385.9748,180.8068,179.4692,354.816,354.816,0.0,0.0,0.0,0.0,0.0,0.0,0.0,0.0,0.0,0.0,0.0,0.0,0.0,0.0,0.0,591.3932,586.3823,606.4639,616.418,541.2698,435.2278,445.0927,584.2345,617.6806,589.5226,591.3109,1179.0955,1001.9165,606.9376,446.6396,375.9792,367.0332,346.1534,373.2401,383.8011,397.8393,394.6185,356.4186,374.1977,377.1948,345.3337,252.1718,285.3356,360.0236,398.029
2041,418.1475,695.7245,383.165,695.7245,295.4251,695.7245,393.3182,695.7245,480.8659,695.7245,643.708,695.7245,616.0147,695.7245,341.7933,695.7245,396.658,695.7245,424.3982,695.7245,298.2158,695.7245,195.9976,588.3559,217.3352,623.3646,344.7796,695.7245,635.0267,695.7245,0.0,0.0,-0.0,0.0,-0.0,-0.0,-0.0,0.0,0.0,0.0,-0.0,-19.8507,-0.0,0.0,-0.0,0.0,0.0,0.0,0.0,0.0,0.0,0.0,0.0,0.0,0.0,0.0,0.0,0.0,0.0,0.0,0.0,0.0,0.0,0.0,0.0,0.0,0.0,0.0,0.0,0.0,0.0,0.0,0.0,0.0,0.0,0.0,0.0,0.0,0.0,0.0,0.0,0.0,0.0,0.0,0.0,0.0,0.0,0.0,0.0,0.0,0.0,0.0,0.0,0.0,0.0,0.0,0.0,0.0,0.0,0.0,0.0,0.0,0.0,0.0,0.0,0.0,0.0,0.0,0.0,0.0,0.0,0.0,0.0,0.0,0.0,0.0,0.0,0.0,0.0,0.0,0.0,0.0,0.0,0.0,0.0,0.0,0.0,0.0,0.0,0.0,0.0,0.0,0.0,0.0,0.0,0.0,0.0,0.0,0.0,0.0,0.0,0.0,0.0,0.0,0.0,0.0,0.0,0.0,0.0,0.0,0.0,0.0,0.0,0.0,0.0,0.0,0.0,0.0,0.0,0.0,0.0,0.0,0.0,-0.0,0.0,0.0,0.0,0.0,107.0,107.0,107.0,107.0,107.0,107.0,107.0,107.0,107.0,107.0,107.0,0.0,0.0,107.0,107.0,0.0,0.0,0.0,0.0,0.0,0.0,0.0,0.0,0.0,0.0,0.0,0.0,0.0,0.0,0.0,0.0,0.0,0.0,0.0,0.0,0.0,0.0,0.0,0.0,0.0,0.0,0.0,0.0,0.0,0.0,-0.0,-0.0,-0.0,-0.0,-0.0,-0.0,-0.0,-0.0,-0.0,-0.0,-0.0,175.3163,175.3998,-0.0,-0.0,0.0,0.0,0.0,0.0,0.0,0.0,0.0,0.0,0.0,0.0,0.0,0.0,106.9654,107.0164,0.0,0.0,0.0,0.0,0.0,0.0,0.0,0.0,0.0,0.0,0.0,0.0,0.0,0.0,0.0,0.0,0.0,0.0,0.0,0.0,0.0,0.0,0.0,0.0,0.0,0.0,0.0,0.0,175.3163,175.3998,0.0,0.0,293.832,293.832,293.832,293.832,293.832,293.832,293.832,293.832,293.832,293.832,293.832,138.4264,118.4048,293.832,293.832,0.0,0.0,0.0,0.0,0.0,0.0,0.0,0.0,0.0,0.0,0.0,0.0,0.0,0.0,0.0,550.1047,552.2934,588.4845,576.637,495.1166,381.9154,393.8986,558.5883,577.1099,547.3228,574.3133,1093.5132,864.4684,577.8474,392.7945,335.1205,327.9209,311.8114,333.613,339.9852,347.1444,345.0261,319.4782,334.4027,336.0318,310.8296,224.0087,255.8529,322.9222,347.6771
2042,447.4178,709.6389,409.9865,709.6389,316.1048,709.6389,420.8504,709.6389,514.5265,709.6389,688.7676,709.6389,659.1357,709.6389,365.7188,709.6389,424.424,709.6389,454.1061,709.6389,319.0909,709.6389,209.751,616.2974,232.5544,653.6618,368.9142,709.6389,679.4785,709.6389,-0.0,-0.0,-0.0,-0.0,-0.0,-0.0,-0.0,-0.0,-0.0,-0.0,-0.0,-0.0,-0.0,-0.0,-0.0,0.0,0.0,0.0,0.0,0.0,0.0,0.0,0.0,0.0,0.0,0.0,0.0,0.0,0.0,0.0,0.0,0.0,0.0,0.0,0.0,0.0,0.0,0.0,0.0,0.0,0.0,0.0,0.0,0.0,0.0,0.0,0.0,0.0,0.0,0.0,0.0,0.0,0.0,0.0,0.0,0.0,0.0,0.0,0.0,0.0,0.0,0.0,0.0,0.0,0.0,0.0,0.0,0.0,0.0,0.0,0.0,0.0,0.0,0.0,0.0,0.0,0.0,0.0,0.0,0.0,0.0,0.0,0.0,0.0,0.0,0.0,0.0,0.0,0.0,0.0,0.0,0.0,0.0,0.0,0.0,0.0,0.0,0.0,0.0,0.0,0.0,0.0,0.0,0.0,0.0,0.0,0.0,0.0,0.0,0.0,0.0,0.0,0.0,0.0,0.0,0.0,0.0,0.0,0.0,0.0,0.0,0.0,0.0,0.0,0.0,0.0,0.0,0.0,0.0,0.0,0.0,0.0,0.0,0.0,0.0,0.0,0.0,0.0,107.0,107.0,107.0,107.0,107.0,107.0,107.0,107.0,107.0,107.0,107.0,0.0,0.0,107.0,107.0,0.0,0.0,0.0,0.0,0.0,0.0,0.0,0.0,0.0,0.0,0.0,0.0,0.0,0.0,0.0,0.0,0.0,0.0,0.0,0.0,0.0,0.0,0.0,0.0,0.0,0.0,0.0,0.0,0.0,0.0,0.0,0.0,-0.0,0.0,0.0,0.0,0.0,0.0,0.0,0.0,-0.0,175.407,175.494,0.0,0.0,0.0,0.0,0.0,0.0,0.0,0.0,0.0,0.0,0.0,0.0,0.0,0.0,107.0207,107.0738,0.0,0.0,0.0,0.0,0.0,0.0,0.0,0.0,0.0,0.0,0.0,0.0,0.0,0.0,0.0,0.0,0.0,0.0,0.0,0.0,0.0,0.0,0.0,0.0,0.0,0.0,0.0,0.0,175.407,175.494,0.0,0.0,232.848,232.848,232.848,232.848,232.848,232.848,232.848,232.848,232.848,232.848,232.848,57.45,57.2731,232.848,232.848,0.0,0.0,0.0,0.0,0.0,0.0,0.0,0.0,0.0,0.0,0.0,0.0,0.0,0.0,0.0,489.6803,497.2798,544.6961,516.4586,432.8563,319.5415,332.5139,509.793,516.3138,486.2987,531.6725,955.712,696.0834,525.7734,329.5366,293.2724,287.8616,276.6363,293.0264,295.1083,295.2219,294.2327,281.6433,293.6441,293.8721,275.4888,195.2512,225.658,284.9221,296.1059
2043,478.7371,723.8317,438.6856,723.8317,338.2321,723.8317,450.31,723.8317,550.5434,723.8317,736.9813,723.8317,705.2752,723.8317,391.3192,723.8317,454.1337,723.8317,485.8935,723.8317,341.4273,723.8317,224.4651,645.843,248.8429,685.7998,394.7381,723.8317,727.042,723.8317,-0.0,-0.0,-0.0,-0.0,-0.0,-0.0,-0.0,-0.0,-0.0,-0.0,-0.0,-0.0,-0.0,-0.0,-0.0,0.0,0.0,0.0,0.0,0.0,0.0,0.0,0.0,0.0,0.0,0.0,0.0,0.0,0.0,0.0,0.0,0.0,0.0,0.0,0.0,0.0,0.0,0.0,0.0,0.0,0.0,0.0,0.0,0.0,0.0,0.0,0.0,0.0,0.0,0.0,0.0,0.0,0.0,0.0,0.0,0.0,0.0,0.0,0.0,0.0,0.0,0.0,0.0,0.0,0.0,0.0,0.0,0.0,0.0,0.0,0.0,0.0,-0.0,0.0,0.0,0.0,0.0,0.0,0.0,0.0,0.0,0.0,0.0,0.0,0.0,0.0,0.0,0.0,0.0,0.0,0.0,0.0,0.0,0.0,0.0,0.0,0.0,0.0,0.0,0.0,0.0,0.0,0.0,0.0,0.0,0.0,0.0,0.0,0.0,0.0,0.0,0.0,0.0,0.0,0.0,0.0,0.0,0.0,0.0,0.0,0.0,0.0,0.0,0.0,0.0,0.0,-0.0,-0.0,-0.0,0.0,0.0,0.0,0.0,-0.0,0.0,0.0,-0.0,0.0,107.0,107.0,107.0,107.0,107.0,107.0,107.0,107.0,107.0,107.0,107.0,0.0,0.0,107.0,107.0,0.0,0.0,0.0,0.0,0.0,0.0,0.0,0.0,0.0,0.0,0.0,0.0,0.0,0.0,0.0,0.0,0.0,0.0,0.0,0.0,0.0,0.0,0.0,0.0,0.0,0.0,0.0,0.0,0.0,0.0,0.0,0.0,0.0,0.0,-0.0,-0.0,-0.0,-0.0,0.0,0.0,0.0,175.4281,175.4581,-0.0,-0.0,0.0,0.0,0.0,0.0,0.0,0.0,0.0,0.0,0.0,0.0,0.0,0.0,107.0336,107.0519,0.0,0.0,0.0,0.0,0.0,0.0,0.0,0.0,0.0,0.0,0.0,0.0,0.0,0.0,0.0,0.0,0.0,0.0,0.0,0.0,0.0,0.0,0.0,0.0,0.0,0.0,0.0,0.0,175.4281,175.4581,0.0,0.0,171.864,171.864,171.864,171.864,171.864,171.864,171.864,171.864,171.864,171.864,171.864,-3.572,-3.6459,171.864,171.864,0.0,0.0,0.0,0.0,0.0,0.0,0.0,0.0,0.0,0.0,0.0,0.0,0.0,0.0,0.0,411.1335,422.3118,475.9507,436.8658,355.5758,249.3636,262.1686,438.765,436.2793,407.4714,464.2444,786.3263,497.7022,451.6352,258.1148,250.4108,246.8321,240.6094,251.4568,249.1446,242.0419,242.2093,242.892,251.8985,250.6913,239.2921,165.8138,194.7353,246.0022,243.2858
2044,512.2487,738.3084,469.3936,738.3084,361.9084,738.3084,481.8317,738.3084,589.0814,738.3084,788.57,738.3084,754.6445,738.3084,418.7115,738.3084,485.9231,738.3084,519.906,738.3084,365.3272,738.3084,240.0745,676.8213,266.285,719.9792,422.3698,738.3084,777.935,738.3084,-0.0,-0.0,-0.0,-0.0,-0.0,-0.0,-0.0,-0.0,-0.0,-0.0,-0.0,0.0,-0.0,-0.0,-0.0,0.0,0.0,0.0,0.0,0.0,0.0,0.0,0.0,0.0,0.0,0.0,0.0,0.0,0.0,0.0,0.0,0.0,0.0,0.0,0.0,0.0,0.0,0.0,0.0,0.0,0.0,0.0,0.0,0.0,0.0,0.0,0.0,0.0,0.0,0.0,0.0,0.0,0.0,0.0,0.0,0.0,0.0,0.0,0.0,0.0,0.0,-0.0,-0.0,-0.0,-0.0,-0.0,-0.0,-0.0,-0.0,-0.0,-0.0,-0.0,-0.0,-0.0,-0.0,-0.0,0.0,0.0,0.0,0.0,0.0,0.0,0.0,0.0,0.0,0.0,0.0,0.0,0.0,0.0,0.0,0.0,0.0,0.0,0.0,0.0,0.0,0.0,0.0,0.0,0.0,0.0,0.0,0.0,0.0,0.0,0.0,0.0,0.0,0.0,0.0,0.0,0.0,0.0,0.0,0.0,0.0,0.0,0.0,0.0,0.0,0.0,-0.0,-0.0,-0.0,-0.0,-0.0,-0.0,-0.0,-0.0,-0.0,-0.0,-0.0,0.0,-0.0,-0.0,-0.0,0.0,107.0,107.0,107.0,107.0,107.0,107.0,107.0,107.0,107.0,107.0,107.0,0.0,0.0,107.0,107.0,0.0,0.0,0.0,0.0,0.0,0.0,0.0,0.0,0.0,0.0,0.0,0.0,0.0,0.0,0.0,0.0,0.0,0.0,0.0,0.0,0.0,0.0,0.0,0.0,0.0,0.0,0.0,0.0,0.0,0.0,0.0,0.0,0.0,0.0,0.0,0.0,0.0,0.0,0.0,0.0,0.0,200.0343,175.3577,0.0,0.0,0.0,0.0,0.0,0.0,0.0,0.0,0.0,0.0,0.0,0.0,0.0,0.0,106.9778,106.9906,0.0,0.0,0.0,0.0,0.0,0.0,0.0,0.0,0.0,0.0,0.0,0.0,0.0,24.6976,0.0,0.0,0.0,0.0,0.0,0.0,0.0,0.0,0.0,0.0,0.0,0.0,0.0,0.0,175.3367,175.3577,0.0,0.0,110.88,110.88,110.88,110.88,110.88,110.88,110.88,110.88,110.88,110.88,110.88,-89.0779,-64.4663,110.88,110.88,0.0,0.0,0.0,0.0,0.0,0.0,0.0,0.0,0.0,0.0,0.0,0.0,0.0,0.0,0.0,315.5022,328.3828,383.1206,338.8652,264.388,172.6694,184.1225,346.4425,338.0174,311.8864,372.9055,561.207,270.1969,356.3756,179.8081,206.5113,204.809,203.7101,208.8806,202.0677,187.5742,188.9261,203.2025,209.1419,206.4649,202.2189,136.0413,163.039,206.1396,189.1866
2045,548.1061,753.0745,502.2511,753.0745,387.242,753.0745,515.5599,753.0745,630.3171,753.0745,843.7699,753.0745,807.4696,753.0745,448.0214,753.0745,519.9377,753.0745,556.2995,753.0745,390.9001,753.0745,257.0236,710.3629,284.8502,753.0745,451.9358,753.0745,832.3904,753.0745,-0.0,-0.0,-0.0,-0.0,-0.0,-0.0,-0.0,-0.0,-0.0,-0.0,-0.0,0.0,0.0,-0.0,-0.0,0.0,0.0,0.0,0.0,0.0,0.0,0.0,0.0,0.0,0.0,0.0,0.0,0.0,0.0,0.0,0.0,0.0,0.0,0.0,0.0,0.0,0.0,0.0,0.0,0.0,0.0,0.0,0.0,0.0,0.0,0.0,0.0,0.0,0.0,0.0,0.0,0.0,0.0,0.0,0.0,0.0,0.0,0.0,0.0,0.0,0.0,0.0,0.0,0.0,0.0,0.0,0.0,0.0,0.0,0.0,0.0,0.0,0.0,0.0,0.0,0.0,0.0,0.0,0.0,0.0,0.0,0.0,0.0,0.0,0.0,0.0,0.0,0.0,0.0,0.0,0.0,0.0,0.0,0.0,0.0,0.0,0.0,0.0,0.0,0.0,0.0,0.0,0.0,0.0,0.0,0.0,0.0,0.0,0.0,0.0,0.0,0.0,0.0,0.0,0.0,0.0,0.0,0.0,0.0,0.0,0.0,0.0,-0.0,-0.0,-0.0,-0.0,-0.0,-0.0,-0.0,-0.0,-0.0,-0.0,-0.0,-0.0,0.0,-0.0,-0.0,0.0,107.0,107.0,107.0,107.0,107.0,107.0,107.0,107.0,107.0,107.0,107.0,0.0,107.0,107.0,107.0,0.0,0.0,0.0,0.0,0.0,0.0,0.0,0.0,0.0,0.0,0.0,0.0,0.0,0.0,0.0,0.0,0.0,0.0,0.0,0.0,0.0,0.0,0.0,0.0,0.0,0.0,0.0,0.0,0.0,0.0,0.0,0.0,0.0,0.0,0.0,0.0,0.0,0.0,0.0,0.0,0.0,172.334,9.1003,0.0,0.0,0.0,0.0,0.0,0.0,0.0,0.0,0.0,0.0,0.0,0.0,0.0,0.0,106.984,0.0,0.0,0.0,0.0,0.0,0.0,0.0,0.0,0.0,0.0,0.0,0.0,0.0,0.0,21.6848,9.1003,0.0,0.0,0.0,0.0,0.0,0.0,0.0,0.0,0.0,0.0,0.0,0.0,0.0,175.3468,0.0,0.0,0.0,49.896,49.896,49.896,49.896,49.896,49.896,49.896,49.8959,49.896,49.896,49.896,-122.3887,40.7955,49.8959,49.896,0.0,0.0,0.0,0.0,0.0,0.0,0.0,0.0,0.0,0.0,0.0,0.0,0.0,0.0,0.0,203.8495,216.5105,267.0995,223.4878,160.4331,90.7779,99.666,233.7869,222.5636,200.615,258.5536,333.9268,180.1932,240.96,95.9269,161.5487,161.7682,165.9172,165.2733,153.8509,131.7874,134.3525,162.5515,165.3498,161.1675,164.2479,104.8915,130.7993,165.3115,133.7773
2046,586.4735,768.136,537.4087,768.136,414.3489,768.136,551.6491,768.136,674.4393,768.136,902.8338,768.136,863.9925,768.136,479.3827,768.136,556.3333,768.136,595.2404,768.136,418.2631,768.136,275.1086,745.9075,304.8855,768.136,483.5711,768.136,890.6578,768.136,0.0,0.0,0.0,0.0,0.0,0.0,0.0,0.0,0.0,0.0,0.0,0.0,0.0,0.0,0.0,0.0,0.0,0.0,0.0,0.0,0.0,0.0,0.0,0.0,0.0,0.0,0.0,0.0,0.0,0.0,0.0,0.0,0.0,-0.0,0.0,0.0,0.0,0.0,0.0,0.0,0.0,0.0,0.0,0.0,0.0,0.0,0.0,0.0,0.0,0.0,0.0,0.0,0.0,0.0,0.0,0.0,0.0,0.0,0.0,0.0,0.0,0.0,0.0,0.0,0.0,0.0,0.0,0.0,0.0,0.0,0.0,0.0,-0.0,0.0,0.0,0.0,0.0,0.0,0.0,0.0,0.0,0.0,0.0,0.0,0.0,0.0,0.0,0.0,0.0,0.0,0.0,0.0,0.0,0.0,0.0,0.0,0.0,0.0,0.0,0.0,0.0,0.0,0.0,0.0,0.0,0.0,0.0,0.0,0.0,0.0,0.0,0.0,0.0,0.0,0.0,0.0,0.0,0.0,0.0,0.0,0.0,0.0,0.0,0.0,0.0,0.0,0.0,0.0,0.0,0.0,0.0,0.0,0.0,0.0,0.0,0.0,0.0,0.0,107.0,107.0,107.0,107.0,107.0,107.0,107.0,107.0,107.0,107.0,107.0,0.0,107.0,107.0,107.0,0.0,0.0,0.0,0.0,0.0,0.0,0.0,0.0,0.0,0.0,0.0,0.0,0.0,0.0,0.0,0.0,0.0,0.0,0.0,0.0,0.0,0.0,0.0,0.0,0.0,0.0,0.0,0.0,0.0,0.0,-0.0,-0.0,-0.0,-0.0,-0.0,-0.0,-0.0,-0.0,-0.0,-0.0,-0.0,153.6978,-9.1003,-0.0,-0.0,0.0,0.0,0.0,0.0,0.0,0.0,0.0,0.0,0.0,0.0,0.0,0.0,107.0059,0.0,0.0,0.0,0.0,0.0,0.0,0.0,0.0,0.0,0.0,0.0,0.0,0.0,0.0,0.0,0.0,0.0,0.0,0.0,0.0,0.0,0.0,0.0,0.0,0.0,0.0,0.0,0.0,0.0,175.3826,0.0,0.0,0.0,0.0,0.0,0.0,0.0,0.0,0.0,0.0,0.0,0.0,0.0,0.0,-153.6723,9.1003,0.0,0.0,0.0,0.0,0.0,0.0,0.0,0.0,0.0,0.0,0.0,0.0,0.0,0.0,0.0,0.0,0.0,88.3523,98.8253,139.8904,102.8778,55.9667,16.1283,21.2086,112.8703,102.0662,85.8418,133.1963,107.1257,91.9133,117.465,18.9007,115.4972,117.6852,127.209,120.6101,104.4664,74.6497,78.4574,120.9166,120.4974,114.7731,125.3573,73.1288,97.3801,123.495,77.0262
2047,627.5268,783.4987,575.0275,783.4987,443.3534,783.4987,590.2647,783.4987,721.6501,783.4987,966.0321,783.4987,924.472,783.4987,512.9397,783.4987,595.2768,783.4987,636.9072,783.4987,447.5416,783.4987,294.3562,783.4484,326.2279,783.4987,517.4213,783.4987,953.0038,783.4987,0.0,0.0,0.0,0.0,0.0,-0.0,-0.0,0.0,0.0,0.0,0.0,0.0,0.0,0.0,-0.0,0.0,0.0,0.0,0.0,0.0,0.0,0.0,0.0,0.0,0.0,0.0,0.0,0.0,0.0,0.0,0.0,0.0,0.0,0.0,0.0,0.0,0.0,0.0,0.0,0.0,0.0,0.0,0.0,0.0,0.0,0.0,0.0,0.0,0.0,0.0,0.0,0.0,0.0,0.0,0.0,0.0,0.0,0.0,0.0,0.0,0.0,0.0,0.0,0.0,0.0,0.0,-0.0,-0.0,0.0,0.0,0.0,0.0,0.0,0.0,0.0,-0.0,0.0,0.0,0.0,0.0,0.0,0.0,0.0,0.0,0.0,0.0,0.0,0.0,0.0,0.0,0.0,0.0,0.0,0.0,0.0,0.0,0.0,0.0,0.0,0.0,0.0,0.0,0.0,0.0,0.0,0.0,0.0,0.0,0.0,0.0,0.0,0.0,0.0,0.0,0.0,0.0,0.0,0.0,0.0,0.0,0.0,0.0,0.0,0.0,0.0,0.0,0.0,-0.0,-0.0,0.0,0.0,0.0,0.0,0.0,0.0,0.0,-0.0,0.0,107.0,107.0,107.0,107.0,107.0,107.0,107.0,107.0,107.0,107.0,107.0,71.3041,107.0,107.0,107.0,0.0,0.0,0.0,0.0,0.0,0.0,0.0,0.0,0.0,0.0,0.0,0.0,0.0,0.0,0.0,0.0,0.0,0.0,0.0,0.0,0.0,0.0,0.0,0.0,0.0,0.0,0.0,0.0,0.0,0.0,0.0,-0.0,0.0,-0.0,0.0,-0.0,-0.0,-0.0,-0.0,0.0,-0.0,58.4882,-0.0,-0.0,-0.0,0.0,0.0,0.0,0.0,0.0,0.0,0.0,0.0,0.0,0.0,0.0,0.0,35.6853,0.0,0.0,0.0,0.0,0.0,0.0,0.0,0.0,0.0,0.0,0.0,0.0,0.0,0.0,0.0,0.0,0.0,0.0,0.0,0.0,0.0,0.0,0.0,0.0,0.0,0.0,0.0,0.0,0.0,58.4882,0.0,0.0,0.0,-0.0,-0.0,-0.0,-0.0,-0.0,0.0,-0.0,-0.0,-0.0,0.0,-0.0,-58.4559,-0.0,-0.0,0.0,0.0,0.0,0.0,0.0,0.0,0.0,0.0,0.0,0.0,0.0,0.0,0.0,0.0,0.0,0.0,20.0219,26.2909,52.327,28.0128,2.0807,0.0,0.0,34.5973,27.5078,18.5866,47.6714,7.8176,28.5419,36.7995,0.0,68.3303,72.5344,87.5634,74.8649,53.886,16.1283,21.2086,78.2729,74.5584,67.2552,85.5249,40.8522,63.3713,80.6655,18.9007
2048,671.4534,799.1687,615.2791,799.1687,474.3881,799.1687,631.5829,799.1687,772.1656,799.1687,1011.3048,799.1687,972.8743,799.1687,548.8451,799.1687,636.9459,799.1687,681.4908,799.1687,478.8694,799.1687,314.9328,799.1687,349.063,799.1687,553.6404,799.1687,1000.0405,799.1687,-0.0,-0.0,-0.0,-0.0,-0.0,-0.0,-0.0,-0.0,-0.0,-0.0,-0.0,-0.0,-0.0,-0.0,-0.0,0.0,0.0,0.0,0.0,0.0,0.0,0.0,0.0,0.0,0.0,0.0,0.0,0.0,0.0,0.0,0.0,0.0,0.0,0.0,0.0,0.0,0.0,0.0,0.0,0.0,0.0,0.0,0.0,0.0,0.0,0.0,0.0,0.0,0.0,0.0,0.0,0.0,0.0,0.0,0.0,0.0,0.0,0.0,0.0,0.0,0.0,-0.0,-0.0,-0.0,-0.0,-0.0,-0.0,-0.0,-0.0,-0.0,-0.0,-0.0,-0.0,-0.0,-0.0,-0.0,0.0,0.0,0.0,0.0,0.0,0.0,0.0,0.0,0.0,0.0,0.0,0.0,0.0,0.0,0.0,0.0,0.0,0.0,0.0,0.0,0.0,0.0,0.0,0.0,0.0,0.0,0.0,0.0,0.0,0.0,0.0,0.0,0.0,0.0,0.0,0.0,0.0,0.0,0.0,0.0,0.0,0.0,0.0,0.0,0.0,0.0,0.0,0.0,-0.0,0.0,-0.0,-0.0,-0.0,0.0,0.0,0.0,-0.0,-0.0,-0.0,0.0,-0.0,0.0,107.0,107.0,107.0,107.0,107.0,107.0,107.0,107.0,107.0,107.0,107.0,107.0,107.0,107.0,107.0,0.0,0.0,0.0,0.0,0.0,0.0,0.0,0.0,0.0,0.0,0.0,0.0,0.0,0.0,0.0,0.0,0.0,0.0,0.0,0.0,0.0,0.0,0.0,0.0,0.0,0.0,0.0,0.0,0.0,0.0,-0.0,-0.0,-0.0,-0.0,-0.0,-0.0,-0.0,-0.0,-0.0,-0.0,-0.0,-0.0,-0.0,-0.0,-0.0,0.0,0.0,0.0,0.0,0.0,0.0,0.0,0.0,0.0,0.0,0.0,0.0,0.0,0.0,0.0,0.0,0.0,0.0,0.0,0.0,0.0,0.0,0.0,0.0,0.0,0.0,0.0,0.0,0.0,0.0,0.0,0.0,0.0,0.0,0.0,0.0,0.0,0.0,0.0,0.0,0.0,0.0,0.0,0.0,0.0,0.0,-0.0,-0.0,0.0,-0.0,0.0,-0.0,-0.0,-0.0,-0.0,-0.0,-0.0,-0.0001,-0.0,-0.0,-0.0,0.0,0.0,0.0,0.0,0.0,0.0,0.0,0.0,0.0,0.0,0.0,0.0,0.0,0.0,0.0,0.0,0.0,5.3691,0.0,0.0,0.0,0.0,0.0,0.0,0.0,2.9433,0.0007,0.0003,0.0,0.0,20.0219,26.2909,46.958,28.0128,2.0807,0.0,0.0,34.5973,27.5077,18.5866,44.7281,7.8167,28.5416,36.7995,0.0
2049,780.2105,815.1521,720.9625,815.1521,507.6047,815.1521,738.8,815.1521,880.4875,815.1521,1108.6486,815.1521,1069.7771,815.1521,650.4369,815.1521,744.479,815.1521,790.7082,815.1521,521.6618,815.1521,393.4544,815.1521,431.6532,815.1521,655.9876,815.1521,1097.3474,815.1521,-0.0,-0.0,0.0,-0.0,0.0,0.0,0.0,0.0,-0.0,-0.0,0.0,0.0,0.0,0.0,0.0,0.0,0.0,0.0,0.0,0.0,0.0,0.0,0.0,0.0,0.0,0.0,0.0,0.0,0.0,0.0,0.0,0.0,0.0,0.0,0.0,0.0,0.0,0.0,0.0,0.0,0.0,0.0,0.0,0.0,0.0,0.0,0.0,0.0,0.0,0.0,0.0,0.0,0.0,0.0,0.0,0.0,0.0,0.0,0.0,0.0,0.0,-0.0,-0.0,0.0,-0.0,-0.0,0.0,0.0,-0.0,-0.0,-0.0,0.0,-0.0,0.0,-0.0,0.0,0.0,0.0,0.0,0.0,0.0,0.0,0.0,0.0,0.0,0.0,0.0,0.0,0.0,0.0,0.0,0.0,0.0,0.0,0.0,0.0,0.0,0.0,0.0,0.0,0.0,0.0,0.0,0.0,0.0,0.0,0.0,0.0,0.0,0.0,0.0,0.0,0.0,0.0,0.0,0.0,0.0,0.0,0.0,0.0,0.0,0.0,-0.0,-0.0,-0.0,-0.0,-0.0,-0.0,-0.0,-0.0,-0.0,-0.0,-0.0,-0.0,-0.0,-0.0,-0.0,0.0,107.0,107.0,107.0,107.0,107.0,107.0,107.0,107.0,107.0,107.0,107.0,107.0,107.0,107.0,107.0,0.0,0.0,0.0,0.0,0.0,0.0,0.0,0.0,0.0,0.0,0.0,0.0,0.0,0.0,0.0,0.0,0.0,0.0,0.0,0.0,0.0,0.0,0.0,0.0,0.0,0.0,0.0,0.0,0.0,0.0,-0.0,-0.0,0.0,-0.0,0.0,0.0,0.0,0.0,-0.0,-0.0,0.0,0.0,0.0,0.0,0.0,0.0,0.0,0.0,0.0,0.0,0.0,0.0,0.0,0.0,0.0,0.0,0.0,0.0,0.0,0.0,0.0,0.0,0.0,0.0,0.0,0.0,0.0,0.0,0.0,0.0,0.0,0.0,0.0,0.0,0.0,0.0,0.0,0.0,0.0,0.0,0.0,0.0,0.0,0.0,0.0,0.0,0.0,0.0,0.0,0.0,0.0,-0.0,-0.0,-0.0028,-0.0,0.0,0.0,0.0,0.0,-0.0,-0.0,-0.3446,-0.0001,-0.0001,0.0,0.0,0.0,0.0,0.0,0.0,0.0,0.0,0.0,0.0,0.0,0.0,0.0,0.0,0.0,0.0,0.0,0.0,0.0,0.0229,0.0,0.0,0.0,0.0,0.0,0.0,0.0,2.5986,0.0006,0.0002,0.0,0.0,0.0,0.0,5.3434,0.0,0.0,0.0,0.0,0.0,0.0,0.0,0.0,0.0,0.0,0.0,0.0
2050,825.9134,831.4551,769.2077,831.4551,543.1344,831.4551,787.8008,831.4551,921.8104,831.4551,1158.0949,831.4551,1118.1856,831.4551,695.9451,831.4551,793.2885,831.4551,835.7744,831.4551,558.1776,831.4551,420.9939,831.4551,461.8632,831.4551,701.8852,831.4551,1146.5419,831.4551,-0.0,-0.0,0.0,-0.0,-0.0,-0.0,-0.0,-0.0,-0.0,-0.0,-0.0,-0.0,-0.0,-0.0,-0.0,0.0,0.0,0.0,0.0,0.0,0.0,0.0,0.0,0.0,0.0,0.0,0.0,0.0,0.0,0.0,0.0,0.0,0.0,0.0,0.0,0.0,0.0,0.0,0.0,0.0,0.0,0.0,0.0,0.0,0.0,0.0,0.0,0.0,0.0,0.0,0.0,0.0,0.0,0.0,0.0,0.0,0.0,0.0,0.0,0.0,0.0,-0.0,-0.0,-0.0,-0.0,-0.0,-0.0,-0.0,-0.0,-0.0,-0.0,-0.0,0.0,-0.0,-0.0,-0.0,0.0,0.0,0.0,0.0,0.0,0.0,0.0,0.0,0.0,0.0,0.0,0.0,0.0,0.0,0.0,0.0,0.0,0.0,0.0,0.0,0.0,0.0,0.0,0.0,0.0,0.0,0.0,0.0,0.0,0.0,0.0,0.0,0.0,0.0,0.0,0.0,0.0,0.0,0.0,0.0,0.0,0.0,0.0,0.0,0.0,0.0,-0.0,-0.0,-0.0,-0.0,-0.0,-0.0,-0.0,-0.0,-0.0,-0.0,-0.0,-0.0,-0.0,-0.0,-0.0,0.0,107.0,107.0,107.0,107.0,107.0,107.0,107.0,107.0,107.0,107.0,107.0,107.0,107.0,107.0,107.0,0.0,0.0,0.0,0.0,0.0,0.0,0.0,0.0,0.0,0.0,0.0,0.0,0.0,0.0,0.0,0.0,0.0,0.0,0.0,0.0,0.0,0.0,0.0,0.0,0.0,0.0,0.0,0.0,0.0,0.0,-0.0,-0.0,0.0,-0.0,-0.0,-0.0,-0.0,-0.0,-0.0,-0.0,-0.0,-0.0,-0.0,-0.0,-0.0,0.0,0.0,0.0,0.0,0.0,0.0,0.0,0.0,0.0,0.0,0.0,0.0,0.0,0.0,0.0,0.0,0.0,0.0,0.0,0.0,0.0,0.0,0.0,0.0,0.0,0.0,0.0,0.0,0.0,0.0,0.0,0.0,0.0,0.0,0.0,0.0,0.0,0.0,0.0,0.0,0.0,0.0,0.0,0.0,0.0,0.0,-0.0,-0.0,-0.0031,-0.0,-0.0,-0.0,-0.0,-0.0,-0.0,-0.0,-0.3686,-0.0001,-0.0001,-0.0,-0.0,0.0,0.0,0.0,0.0,0.0,0.0,0.0,0.0,0.0,0.0,0.0,0.0,0.0,0.0,0.0,0.0,0.0,0.0198,0.0,0.0,0.0,0.0,0.0,0.0,0.0,2.2301,0.0004,0.0002,0.0,0.0,0.0,0.0,0.0,0.0,0.0,0.0,0.0,0.0,0.0,0.0,0.0,0.0,0.0,0.0,0.0
2051,865.0662,848.0842,806.1875,848.0842,581.1658,848.0842,825.5763,848.0842,963.94,848.0842,1207.0946,848.0842,1165.9152,848.0842,735.4659,848.0842,831.2771,848.0842,875.2944,848.0842,597.2554,848.0842,450.4605,848.0842,494.1874,848.0842,742.2225,848.0842,1195.2079,848.0842,-0.0,-0.0,-0.0,-0.0,0.0,0.0,0.0,-0.0,-0.0,-0.0,-0.0,-0.0,0.0,-0.0,0.0,0.0,0.0,0.0,0.0,0.0,0.0,0.0,0.0,0.0,0.0,0.0,0.0,0.0,0.0,0.0,0.0,0.0,0.0,0.0,0.0,0.0,0.0,0.0,0.0,0.0,0.0,0.0,0.0,0.0,0.0,0.0,0.0,0.0,0.0,0.0,0.0,0.0,0.0,0.0,0.0,0.0,0.0,0.0,0.0,0.0,0.0,-0.0,-0.0,0.0,-0.0,0.0,0.0,0.0,-0.0,-0.0,-0.0,-0.0,0.0,0.0,-0.0,0.0,0.0,0.0,0.0,0.0,0.0,0.0,0.0,0.0,0.0,0.0,0.0,0.0,0.0,0.0,0.0,0.0,0.0,0.0,0.0,0.0,0.0,0.0,0.0,0.0,0.0,0.0,0.0,0.0,0.0,0.0,0.0,0.0,0.0,0.0,0.0,0.0,0.0,0.0,0.0,0.0,0.0,0.0,0.0,0.0,0.0,0.0,-0.0,-0.0,-0.0,-0.0,0.0,0.0,0.0,-0.0,-0.0,-0.0,-0.0,-0.0,-0.0,-0.0,0.0,0.0,107.0,107.0,107.0,107.0,107.0,107.0,107.0,107.0,107.0,107.0,107.0,107.0,107.0,107.0,107.0,0.0,0.0,0.0,0.0,0.0,0.0,0.0,0.0,0.0,0.0,0.0,0.0,0.0,0.0,0.0,0.0,0.0,0.0,0.0,0.0,0.0,0.0,0.0,0.0,0.0,0.0,0.0,0.0,0.0,0.0,-0.0,-0.0,-0.0,-0.0,0.0,0.0,0.0,-0.0,-0.0,-0.0,-0.0,0.0,0.0,-0.0,0.0,0.0,0.0,0.0,0.0,0.0,0.0,0.0,0.0,0.0,0.0,0.0,0.0,0.0,0.0,0.0,0.0,0.0,0.0,0.0,0.0,0.0,0.0,0.0,0.0,0.0,0.0,0.0,0.0,0.0,0.0,0.0,0.0,0.0,0.0,0.0,0.0,0.0,0.0,0.0,0.0,0.0,0.0,0.0,0.0,0.0,0.0,-0.0,-0.0,-0.0055,-0.0,0.0,0.0,0.0,-0.0,-0.0,-0.0,-0.3903,-0.0002,-0.0001,-0.0,0.0,0.0,0.0,0.0,0.0,0.0,0.0,0.0,0.0,0.0,0.0,0.0,0.0,0.0,0.0,0.0,0.0,0.0,0.0143,0.0,0.0,0.0,0.0,0.0,0.0,0.0,1.8397,0.0003,0.0001,0.0,0.0,0.0,0.0,0.0,0.0,0.0,0.0,0.0,0.0,0.0,0.0,0.0,0.0,0.0,0.0,0.0
2052,904.3276,865.0459,842.818,865.0459,621.8182,865.0459,863.139,865.0459,1007.4534,865.0459,1260.4807,865.0459,1217.6059,865.0459,768.9542,865.0459,869.0967,865.0459,915.0056,865.0459,639.0568,865.0459,481.9893,865.0459,528.7724,865.0459,776.0663,865.0459,1248.1073,865.0459,-0.0,-0.0,-0.0,-0.0,-0.0,-0.0,-0.0,-0.0,-0.0,-0.0,0.0,0.0,-0.0,-0.0,-0.0,0.0,0.0,0.0,0.0,0.0,0.0,0.0,0.0,0.0,0.0,0.0,0.0,0.0,0.0,0.0,0.0,0.0,0.0,0.0,0.0,0.0,0.0,0.0,0.0,0.0,0.0,0.0,0.0,0.0,0.0,0.0,0.0,0.0,0.0,0.0,0.0,0.0,0.0,0.0,0.0,0.0,0.0,0.0,0.0,0.0,0.0,-0.0,-0.0,-0.0,-0.0,-0.0,-0.0,-0.0,-0.0,-0.0,-0.0,0.0,0.0,-0.0,-0.0,-0.0,0.0,0.0,0.0,0.0,0.0,0.0,0.0,0.0,0.0,0.0,0.0,0.0,0.0,0.0,0.0,0.0,0.0,0.0,0.0,0.0,0.0,0.0,0.0,0.0,0.0,0.0,0.0,0.0,0.0,0.0,0.0,0.0,0.0,0.0,0.0,0.0,0.0,0.0,0.0,0.0,0.0,0.0,0.0,0.0,0.0,0.0,-0.0,-0.0,-0.0,-0.0,-0.0,-0.0,-0.0,-0.0,-0.0,-0.0,0.0,-0.0,-0.0,-0.0,-0.0,0.0,107.0,107.0,107.0,107.0,107.0,107.0,107.0,107.0,107.0,107.0,107.0,107.0,107.0,107.0,107.0,0.0,0.0,0.0,0.0,0.0,0.0,0.0,0.0,0.0,0.0,0.0,0.0,0.0,0.0,0.0,0.0,0.0,0.0,0.0,0.0,0.0,0.0,0.0,0.0,0.0,0.0,0.0,0.0,0.0,0.0,-0.0,-0.0,-0.0,-0.0,-0.0,-0.0,-0.0,-0.0,-0.0,-0.0,0.0,0.0,-0.0,-0.0,-0.0,0.0,0.0,0.0,0.0,0.0,0.0,0.0,0.0,0.0,0.0,0.0,0.0,0.0,0.0,0.0,0.0,0.0,0.0,0.0,0.0,0.0,0.0,0.0,0.0,0.0,0.0,0.0,0.0,0.0,0.0,0.0,0.0,0.0,0.0,0.0,0.0,0.0,0.0,0.0,0.0,0.0,0.0,0.0,0.0,0.0,0.0,-0.0,-0.0,-0.0141,-0.0,-0.0,-0.0,-0.0,-0.0,-0.0,-0.0,-0.4288,-0.0001,-0.0001,-0.0,-0.0,0.0,0.0,0.0,0.0,0.0,0.0,0.0,0.0,0.0,0.0,0.0,0.0,0.0,0.0,0.0,0.0,0.0,0.0002,0.0,0.0,0.0,0.0,0.0,0.0,0.0,1.411,0.0001,0.0,0.0,0.0,0.0,0.0,0.0,0.0,0.0,0.0,0.0,0.0,0.0,0.0,0.0,0.0,0.0,0.0,0.0
2053,940.8646,882.3468,876.8673,882.3468,665.241,882.3468,898.0811,882.3468,1048.0175,882.3468,1311.7389,882.3468,1266.8822,882.3468,800.0339,882.3468,904.2801,882.3468,951.9696,882.3468,683.9718,882.3468,515.7234,882.3468,556.4186,882.3468,807.4886,882.3468,1298.7949,882.3468,0.0,0.0,0.0,0.0,0.0,0.0,0.0,0.0,0.0,0.0,0.0,-0.0,-0.0,0.0,0.0,0.0,0.0,0.0,0.0,0.0,0.0,0.0,0.0,0.0,0.0,0.0,0.0,0.0,0.0,0.0,0.0,0.0,0.0,0.0,0.0,0.0,0.0,0.0,0.0,0.0,0.0,0.0,0.0,0.0,0.0,0.0,0.0,0.0,0.0,0.0,0.0,0.0,0.0,0.0,0.0,0.0,0.0,0.0,0.0,0.0,0.0,0.0,0.0,0.0,0.0,0.0,0.0,0.0,0.0,0.0,0.0,0.0,-0.0,-0.0,0.0,0.0,0.0,0.0,0.0,0.0,0.0,0.0,0.0,0.0,0.0,0.0,0.0,0.0,0.0,0.0,0.0,0.0,0.0,0.0,0.0,0.0,0.0,0.0,0.0,0.0,0.0,0.0,0.0,0.0,0.0,0.0,0.0,0.0,0.0,0.0,0.0,0.0,0.0,0.0,0.0,0.0,0.0,0.0,0.0,0.0,0.0,0.0,0.0,0.0,0.0,0.0,0.0,0.0,0.0,0.0,0.0,0.0,0.0,-0.0,-0.0,0.0,0.0,0.0,107.0,107.0,107.0,107.0,107.0,107.0,107.0,107.0,107.0,107.0,107.0,107.0,107.0,107.0,107.0,0.0,0.0,0.0,0.0,0.0,0.0,0.0,0.0,0.0,0.0,0.0,0.0,0.0,0.0,0.0,0.0,0.0,0.0,0.0,0.0,0.0,0.0,0.0,0.0,0.0,0.0,0.0,0.0,0.0,0.0,0.0,0.0,0.0,0.0,0.0,0.0,0.0,0.0,0.0,0.0,0.0,-0.0,-0.0,0.0,0.0,0.0,0.0,0.0,0.0,0.0,0.0,0.0,0.0,0.0,0.0,0.0,0.0,0.0,0.0,0.0,0.0,0.0,0.0,0.0,0.0,0.0,0.0,0.0,0.0,0.0,0.0,0.0,0.0,0.0,0.0,0.0,0.0,0.0,0.0,0.0,0.0,0.0,0.0,0.0,0.0,0.0,0.0,0.0,0.0,0.0,0.0,0.0,0.0,0.01,0.0,0.0,0.0,0.0,0.0,0.0,0.0,-0.4563,-0.0001,-0.0,0.0,0.0,0.0,0.0,0.0,0.0,0.0,0.0,0.0,0.0,0.0,0.0,0.0,0.0,0.0,0.0,0.0,0.0,0.0,0.0101,0.0,0.0,0.0,0.0,0.0,0.0,0.0,0.9547,0.0,0.0,0.0,0.0,0.0,0.0,0.0,0.0,0.0,0.0,0.0,0.0,0.0,0.0,0.0,0.0,0.0,0.0,0.0
2054,979.0648,899.9938,913.5118,899.9938,711.9363,899.9938,935.0791,899.9938,1090.0495,899.9938,1366.3231,899.9938,1319.3055,899.9938,835.6823,899.9938,941.4211,899.9938,990.4928,899.9938,732.2849,899.9938,548.4368,899.9938,583.1699,899.9938,843.2915,899.9938,1352.7549,899.9938,0.0,0.0,-0.0,0.0,0.0,-0.0,-0.0,0.0,0.0,0.0,0.0389,-0.0,0.0,0.0,-0.0,0.0,0.0,0.0,0.0,0.0,0.0,0.0,0.0,0.0,0.0,0.0,0.0,0.0,0.0,0.0,0.0,0.0,0.0,0.0,0.0,0.0,0.0,0.0,0.0,0.0,0.0,0.0389,0.0,0.0,0.0,0.0,0.0,0.0,0.0,0.0,0.0,0.0,0.0,0.0,0.0,0.0,0.0,0.0,0.0,0.0,0.0,0.0,0.0,-0.0,0.0,0.0,-0.0,-0.0,0.0,0.0,0.0,0.0389,-0.0,0.0,0.0,-0.0,0.0,0.0,0.0,0.0,0.0,0.0,0.0,0.0,0.0,0.0,0.0,0.0,0.0,0.0,0.0,0.0,0.0,0.0,0.0,0.0,0.0,0.0,0.0,0.0,0.0,0.0,0.0389,0.0,0.0,0.0,0.0,0.0,0.0,0.0,0.0,0.0,0.0,0.0,0.0,0.0,0.0,0.0,0.0,0.0,0.0,0.0,0.0,0.0,-0.0,0.0,0.0,-0.0,-0.0,0.0,0.0,0.0,0.0389,-0.0,0.0,0.0,-0.0,0.0,107.0,107.0,107.0,107.0,107.0,107.0,107.0,107.0,107.0,107.0,107.0,107.0,107.0,107.0,107.0,0.0,0.0,0.0,0.0,0.0,0.0,0.0,0.0,0.0,0.0,0.039,0.0,0.0,0.0,0.0,0.0,0.0,0.0,0.0,0.0,0.0,0.0,0.0,0.0,0.0,0.0,0.0,0.0,0.0,0.0,0.0,0.0,-0.0,0.0,0.0,-0.0,-0.0,0.0,0.0,0.0,0.0389,-0.0,0.0,0.0,-0.0,0.0,0.0,0.0,0.0,0.0,0.0,0.0,0.0,0.0,0.0,0.0,0.0,0.0,0.0,0.0,0.0,0.0,0.0,0.0,0.0,0.0,0.0,0.0,0.0,0.0,0.0,0.0389,0.0,0.0,0.0,0.0,0.0,0.0,0.0,0.0,0.0,0.0,0.0,0.0,0.0,0.0,0.0,0.0,0.0,0.0,0.0,0.0,0.0,-0.0101,0.0,0.0,-0.0,-0.0,0.0,0.0,0.0,-0.627,-0.0,0.0,0.0,-0.0,0.0,0.0,0.0,0.0,0.0,0.0,0.0,0.0,0.0,0.0,0.0,0.0,0.0,0.0,0.0,0.0,0.0,0.0,0.0,0.0,0.0,0.0,0.0,0.0,0.0,0.3277,0.0,0.0,0.0,0.0,0.0,0.0,0.0,0.0,0.0,0.0,0.0,0.0,0.0,0.0,0.0,0.0,0.0,0.0,0.0
2055,1024.8438,917.9936,956.7865,917.9936,761.687,917.9936,979.4664,917.9936,1138.1523,917.9936,1419.2676,917.9936,1370.9808,917.9936,875.0145,917.9936,986.0641,917.9936,1036.6159,917.9936,784.0901,917.9936,575.9405,917.9936,611.574,917.9936,883.0095,917.9936,1405.3354,917.9936,-0.0,-0.0,-0.0,-0.0,-0.0,0.0,0.0,-0.0,-0.0,-0.0,-0.0389,-0.0,-0.0,-0.0,0.0,0.0,0.0,0.0,0.0,0.0,0.0,0.0,0.0,0.0,0.0,0.0,0.0,0.0,0.0,0.0,0.0,0.0,0.0,0.0,0.0,0.0,0.0,0.0,0.0,0.0,0.0,0.0,0.0,0.0,0.0,0.0,0.0,0.0,0.0,0.0,0.0,0.0,0.0,0.0,0.0,0.0,0.0,0.0,0.0,0.0,0.0,-0.0,-0.0,-0.0,-0.0,-0.0,0.0,0.0,-0.0,-0.0,-0.0,-0.0389,-0.0,-0.0,-0.0,0.0,0.0,0.0,0.0,0.0,0.0,0.0,0.0,0.0,0.0,0.0,0.0,0.0,0.0,0.0,0.0,0.0,0.0,0.0,0.0,0.0,0.0,0.0,0.0,0.0,0.0,0.0,0.0,0.0,0.0,0.0,0.0,0.0,0.0,0.0,0.0,0.0,0.0,0.0,0.0,0.0,0.0,0.0,0.0,0.0,0.0,0.0,-0.0,-0.0,-0.0,-0.0,-0.0,-0.0,-0.0,-0.0,-0.0,-0.0,-0.039,-0.0,-0.0,-0.0,-0.0,0.0,107.0,107.0,107.0,107.0,107.0,107.0,107.0,107.0,107.0,107.0,107.0,107.0,107.0,107.0,107.0,0.0,0.0,0.0,0.0,0.0,0.0,0.0,0.0,0.0,0.0,0.0,0.0,0.0,0.0,0.0,0.0,0.0,0.0,0.0,0.0,0.0,0.0,0.0,0.0,0.0,0.0,0.0,0.0,0.0,0.0,-0.0,-0.0,-0.0,-0.0,-0.0,0.0,0.0,-0.0,-0.0,-0.0,-0.0389,-0.0,-0.0,-0.0,0.0,0.0,0.0,0.0,0.0,0.0,0.0,0.0,0.0,0.0,0.0,0.0,0.0,0.0,0.0,0.0,0.0,0.0,0.0,0.0,0.0,0.0,0.0,0.0,0.0,0.0,0.0,0.0,0.0,0.0,0.0,0.0,0.0,0.0,0.0,0.0,0.0,0.0,0.0,0.0,0.0,0.0,0.0,0.0,0.0,0.0,0.0,-0.0,-0.0,-0.0,-0.0,-0.0,-0.0,-0.0,-0.0,-0.0,-0.0,-0.3277,-0.0,-0.0,-0.0,-0.0,0.0,0.0,0.0,0.0,0.0,0.0,0.0,0.0,0.0,0.0,0.0,0.0,0.0,0.0,0.0,0.0,0.0,0.0,0.0,0.0,0.0,0.0,0.0,0.0,0.0,0.0,0.0,0.0,0.0,0.0,0.0,0.0,0.0,0.0,0.0,0.0,0.0,0.0,0.0,0.0,0.0,0.0,0.0,0.0,0.0
2056,1059.6457,936.3535,987.9817,936.3535,805.5608,936.3535,1011.8692,936.3535,1179.1156,936.3535,1472.8373,936.3535,1422.8542,936.3535,902.2321,936.3535,1018.8155,936.3535,1072.0636,936.3535,810.483,936.3535,586.7281,936.3535,623.3851,936.3535,910.7071,936.3535,1458.4228,936.3535,-0.0,-0.0,-0.0,-0.0,-0.0,-0.0,-0.0,-0.0,-0.0,-0.0,-0.0,-0.0,-0.0,-0.0,-0.0,0.0,0.0,0.0,0.0,0.0,0.0,0.0,0.0,0.0,0.0,0.0,0.0,0.0,0.0,0.0,0.0,0.0,0.0,0.0,0.0,0.0,0.0,0.0,0.0,0.0,0.0,0.0,0.0,0.0,0.0,0.0,0.0,0.0,0.0,0.0,0.0,0.0,0.0,0.0,0.0,0.0,0.0,0.0,0.0,0.0,0.0,-0.0,-0.0,-0.0,-0.0,-0.0,-0.0,-0.0,-0.0,-0.0,-0.0,-0.0,-0.0,-0.0,-0.0,-0.0,0.0,0.0,0.0,0.0,0.0,0.0,0.0,0.0,0.0,0.0,0.0,0.0,0.0,0.0,0.0,0.0,0.0,0.0,0.0,0.0,0.0,0.0,0.0,0.0,0.0,0.0,0.0,0.0,0.0,0.0,0.0,0.0,0.0,0.0,0.0,0.0,0.0,0.0,0.0,0.0,0.0,0.0,0.0,0.0,0.0,0.0,-0.0,-0.0,-0.0,-0.0,-0.0,-0.0,-0.0,-0.0,-0.0,-0.0,-0.0,-0.0,-0.0,-0.0,-0.0,0.0,107.0,107.0,107.0,107.0,107.0,107.0,107.0,107.0,107.0,107.0,107.0,107.0,107.0,107.0,107.0,0.0,0.0,0.0,0.0,0.0,0.0,0.0,0.0,0.0,0.0,0.0,0.0,0.0,0.0,0.0,0.0,0.0,0.0,0.0,0.0,0.0,0.0,0.0,0.0,0.0,0.0,0.0,0.0,0.0,0.0,-0.0,-0.0,-0.0,-0.0,-0.0,-0.0,-0.0,-0.0,-0.0,-0.0,-0.0,-0.0,-0.0,-0.0,-0.0,0.0,0.0,0.0,0.0,0.0,0.0,0.0,0.0,0.0,0.0,0.0,0.0,0.0,0.0,0.0,0.0,0.0,0.0,0.0,0.0,0.0,0.0,0.0,0.0,0.0,0.0,0.0,0.0,0.0,0.0,0.0,0.0,0.0,0.0,0.0,0.0,0.0,0.0,0.0,0.0,0.0,0.0,0.0,0.0,0.0,0.0,-0.0,-0.0,-0.0,-0.0,-0.0,-0.0,-0.0,-0.0,-0.0,-0.0,-0.0,-0.0,-0.0,-0.0,-0.0,0.0,0.0,0.0,0.0,0.0,0.0,0.0,0.0,0.0,0.0,0.0,0.0,0.0,0.0,0.0,0.0,0.0,0.0,0.0,0.0,0.0,0.0,0.0,0.0,0.0,0.0,0.0,0.0,0.0,0.0,0.0,0.0,0.0,0.0,0.0,0.0,0.0,0.0,0.0,0.0,0.0,0.0,0.0,0.0,0.0
2057,1072.3785,955.0806,998.3141,955.0806,810.2591,955.0806,1023.0353,955.0806,1196.1571,955.0806,1502.0318,955.0806,1449.9084,955.0806,909.7925,955.0806,1030.2148,955.0806,1085.216,955.0806,815.299,955.0806,585.2573,955.0806,626.8373,955.0806,918.5632,955.0806,1486.9991,955.0806,-0.0,-0.0,-0.0,-0.0,-0.0,-0.0,-0.0,-0.0,-0.0,-0.0,-0.0,-0.0,-0.0,-0.0,-0.0,0.0,0.0,0.0,0.0,0.0,0.0,0.0,0.0,0.0,0.0,0.0,0.0,0.0,0.0,0.0,0.0,0.0,0.0,0.0,0.0,0.0,0.0,0.0,0.0,0.0,0.0,0.0,0.0,0.0,0.0,0.0,0.0,0.0,0.0,0.0,0.0,0.0,0.0,0.0,0.0,0.0,0.0,0.0,0.0,0.0,0.0,-0.0,-0.0,-0.0,-0.0,-0.0,-0.0,-0.0,-0.0,-0.0,-0.0,-0.0,-0.0,-0.0,-0.0,-0.0,0.0,0.0,0.0,0.0,0.0,0.0,0.0,0.0,0.0,0.0,0.0,0.0,0.0,0.0,0.0,0.0,0.0,0.0,0.0,0.0,0.0,0.0,0.0,0.0,0.0,0.0,0.0,0.0,0.0,0.0,0.0,0.0,0.0,0.0,0.0,0.0,0.0,0.0,0.0,0.0,0.0,0.0,0.0,0.0,0.0,0.0,-0.0,-0.0,-0.0,-0.0,-0.0,-0.0,-0.0,-0.0,-0.0,-0.0,-0.0,-0.0,-0.0,-0.0,-0.0,0.0,107.0,107.0,107.0,107.0,107.0,107.0,107.0,107.0,107.0,107.0,107.0,107.0,107.0,107.0,107.0,0.0,0.0,0.0,0.0,0.0,0.0,0.0,0.0,0.0,0.0,0.0,0.0,0.0,0.0,0.0,0.0,0.0,0.0,0.0,0.0,0.0,0.0,0.0,0.0,0.0,0.0,0.0,0.0,0.0,0.0,-0.0,-0.0,-0.0,-0.0,-0.0,-0.0,-0.0,-0.0,-0.0,-0.0,-0.0,-0.0,-0.0,-0.0,-0.0,0.0,0.0,0.0,0.0,0.0,0.0,0.0,0.0,0.0,0.0,0.0,0.0,0.0,0.0,0.0,0.0,0.0,0.0,0.0,0.0,0.0,0.0,0.0,0.0,0.0,0.0,0.0,0.0,0.0,0.0,0.0,0.0,0.0,0.0,0.0,0.0,0.0,0.0,0.0,0.0,0.0,0.0,0.0,0.0,0.0,0.0,-0.0,-0.0,-0.0,-0.0,-0.0,-0.0,-0.0,-0.0,-0.0,-0.0,-0.0,-0.0,-0.0,-0.0,-0.0,0.0,0.0,0.0,0.0,0.0,0.0,0.0,0.0,0.0,0.0,0.0,0.0,0.0,0.0,0.0,0.0,0.0,0.0,0.0,0.0,0.0,0.0,0.0,0.0,0.0,0.0,0.0,0.0,0.0,0.0,0.0,0.0,0.0,0.0,0.0,0.0,0.0,0.0,0.0,0.0,0.0,0.0,0.0,0.0,0.0
2058,834.6181,974.0149,770.3212,974.0149,610.3322,974.0149,791.8172,974.0149,943.0541,974.0149,1216.8442,974.0149,1169.6898,974.0149,694.335,974.0149,798.0473,974.0149,845.8037,974.0149,614.3951,974.0149,466.3505,974.0688,481.4109,974.0342,701.9227,974.0149,1203.2309,974.0149,0.0,0.0,0.0,0.0,-0.0,-0.0,-0.0,0.0,0.0,0.0,0.0,0.0,0.0,0.0,-0.0,0.0,0.0,0.0,0.0,0.0,0.0,0.0,0.0,0.0,0.0,0.0,0.0,0.0,0.0,0.0,0.0,0.0,-0.0,0.0,0.0,0.0,0.0,0.0,-0.0,0.0,0.0,0.0,0.0,-0.0,0.0,0.0,0.0,0.0,0.0,0.0,0.0,0.0,0.0,0.0,0.0,0.0,0.0,0.0,0.0,0.0,0.0,-0.0,-0.0,0.0,-0.0,-0.0,-0.0,-0.0,0.0,-0.0,-0.0,0.0,0.0,0.0,0.0,-0.0,0.0,0.0,0.0,0.0,0.0,0.0,0.0,0.0,0.0,0.0,0.0,0.0,0.0,0.0,0.0,0.0,0.0,0.0,0.0,0.0,0.0,0.0,0.0,0.0,0.0,0.0,0.0,0.0,0.0,0.0,0.0,0.0,0.0,0.0,0.0,0.0,0.0,0.0,0.0,0.0,0.0,0.0,0.0,0.0,0.0,0.0,-0.0,-0.0,-0.0,-0.0,-0.0,-0.0,-0.0,-0.0,-0.0,-0.0,-0.0,-0.0,-0.0,-0.0,-0.0,0.0,106.8459,106.8459,106.8459,106.8459,106.8459,106.8459,106.8459,106.8459,106.8459,106.8459,106.8459,106.8987,106.8648,106.8459,106.8459,0.0,0.0,0.0,0.0,0.0,0.0,0.0,0.0,0.0,0.0,0.0,0.0,0.0,0.0,0.0,0.0,0.0,0.0,0.0,0.0,0.0,0.0,0.0,0.0,0.0,0.0,0.0,0.0,0.0,0.0,0.0,0.0,0.0,0.0,-0.0,-0.0,-0.0,0.0,0.0,0.0,0.0,0.0,0.0,0.0,-0.0,0.0,0.0,0.0,0.0,0.0,0.0,0.0,0.0,0.0,0.0,0.0,0.0,0.0,0.0,0.0,0.0,-0.0,0.0,-0.0,-0.0,0.0,0.0,-0.0,-0.0,-0.0,0.0,0.0,0.0,0.0,0.0,0.0,0.0,0.0,0.0,0.0,0.0,0.0,0.0,0.0,0.0,0.0,0.0,0.0,0.0,0.0,0.0,-0.0,-0.0,-0.0,-0.0,-0.0,-0.0,-0.0,-0.0,-0.0,-0.0,0.0,-0.0,-0.0,-0.0,-0.0,0.0,0.0,0.0,0.0,0.0,0.0,0.0,0.0,0.0,0.0,0.0,0.0,0.0,0.0,0.0,0.0,0.0,0.0,0.0,0.0,0.0,0.0,0.0,0.0,0.0,0.0,0.0,0.0,0.0,0.0,0.0,0.0,0.0,0.0,0.0,0.0,0.0,0.0,0.0,0.0,0.0,0.0,0.0,0.0,0.0
