Y,λ_ets_scenario_1,λ_product_scenario_1,BF-BOF_b_scenario_1,BF-BOF_cap,BF-BOF_g_scenario_1,BF-BOF_cumprofit_scenario_1,BF-BOF_π_scenario_1,BF-BOF_cost_scenario_1,BF-BOF_bank_scenario_1,BF-BOF_netto_emiss_scenario_1,BF-BOF_capacity,BF-BOF-CC_b_scenario_1,BF-BOF-CC_cap,BF-BOF-CC_g_scenario_1,BF-BOF-CC_cumprofit_scenario_1,BF-BOF-CC_π_scenario_1,BF-BOF-CC_cost_scenario_1,BF-BOF-CC_bank_scenario_1,BF-BOF-CC_netto_emiss_scenario_1,BF-BOF-CC_capacity,HDRI-EAF_b_scenario_1,HDRI-EAF_cap,HDRI-EAF_g_scenario_1,HDRI-EAF_cumprofit_scenario_1,HDRI-EAF_π_scenario_1,HDRI-EAF_cost_scenario_1,HDRI-EAF_bank_scenario_1,HDRI-EAF_netto_emiss_scenario_1,HDRI-EAF_capacity,BF-BlendNG-BOF_b_scenario_1,BF-BlendNG-BOF_cap,BF-BlendNG-BOF_g_scenario_1,BF-BlendNG-BOF_cumprofit_scenario_1,BF-BlendNG-BOF_π_scenario_1,BF-BlendNG-BOF_cost_scenario_1,BF-BlendNG-BOF_bank_scenario_1,BF-BlendNG-BOF_netto_emiss_scenario_1,BF-BlendNG-BOF_capacity,compliance_agent_b_scenario_1,compliance_agent_e_scenario_1,compliance_agent_g_scenario_1,compliance_agent_π_scenario_1,compliance_agent_cost_scenario_1,compliance_agent_π_MAC_scenario_1,compliance_agent_bank_scenario_1,compliance_agent_netto_emiss_scenario_1,NG-DRI-CC_b_scenario_1,NG-DRI-CC_cap,NG-DRI-CC_g_scenario_1,NG-DRI-CC_cumprofit_scenario_1,NG-DRI-CC_π_scenario_1,NG-DRI-CC_cost_scenario_1,NG-DRI-CC_bank_scenario_1,NG-DRI-CC_netto_emiss_scenario_1,NG-DRI-CC_capacity,NGDRI-EAF_b_scenario_1,NGDRI-EAF_cap,NGDRI-EAF_g_scenario_1,NGDRI-EAF_cumprofit_scenario_1,NGDRI-EAF_π_scenario_1,NGDRI-EAF_cost_scenario_1,NGDRI-EAF_bank_scenario_1,NGDRI-EAF_netto_emiss_scenario_1,NGDRI-EAF_capacity,financial_agent_b_scenario_1,financial_agent_g_scenario_1,financial_agent_π_scenario_1,financial_agent_bank_scenario_1,financial_agent_netto_emiss_scenario_1,financial_agent_cumprofit_scenario_1
2024,57.5359,360.9665,181.956,0.0,107.0329,25.9605,25.9605,149960.5258,0.0,181.956,10000.0,0.0,0.0,0.0,0.0,0.0,390786.8162,0.0,0.0,0.0,0.0,0.0,0.0,0.0,0.0,276830.1712,0.0,0.0,0.0,0.0,0.0,0.0,0.0,0.0,0.0,0.0,0.0,0.0,1581.1684,1581.1684,0.0,5350.6705,5350.6705,5350.6705,0.0,1581.1684,0.0,0.0,0.0,0.0,0.0,0.0,0.0,0.0,0.0,0.0,0.0,0.0,0.0,0.0,0.0,0.0,0.0,0.0,-377.3052,0.0,-20288.393,734.4314,0.0,-20288.393
2025,78.6857,402.3839,181.9227,0.0,107.0134,32.0513,6.0908,149960.5258,0.0,181.9227,10000.0,0.0,0.0,0.0,0.0,0.0,390786.8162,0.0,0.0,0.0,0.0,0.0,0.0,0.0,0.0,276830.1712,0.0,0.0,0.0,0.0,0.0,0.0,0.0,0.0,0.0,0.0,0.0,0.0,1508.3196,1508.3196,0.0,9336.1991,9336.1991,9336.1991,0.0,1508.3196,0.0,0.0,0.0,0.0,0.0,0.0,0.0,0.0,0.0,0.0,0.0,0.0,0.0,0.0,0.0,0.0,0.0,0.0,-30.4734,0.0,-2094.3513,703.958,0.0,-22382.7443
2026,100.1617,444.4139,181.8824,0.0,106.9897,24.8835,-7.1678,149960.5258,0.0,181.8824,10000.0,0.0,0.0,0.0,0.0,0.0,390786.8162,0.0,0.0,0.0,0.0,0.0,0.0,0.0,0.0,276830.1712,0.0,0.0,0.0,0.0,0.0,0.0,0.0,0.0,0.0,0.0,0.0,0.0,1434.2443,1434.2443,0.0,14132.1554,14132.1554,14132.1554,0.0,1434.2443,0.0,0.0,0.0,0.0,0.0,0.0,0.0,0.0,0.0,0.0,0.0,0.0,0.0,0.0,0.0,0.0,0.0,0.0,-34.33,0.0,-2806.8848,669.6279,0.0,-25189.629
2027,121.9088,486.853,181.8748,0.0,106.9852,19.1803,-5.7032,149960.5258,0.0,181.8748,10000.0,0.0,0.0,0.0,0.0,0.0,390786.8162,0.0,0.0,0.0,0.0,0.0,0.0,0.0,0.0,276830.1712,0.0,0.0,0.0,0.0,0.0,0.0,0.0,0.0,0.0,0.0,0.0,0.0,1359.1234,1359.1234,0.0,19570.2117,19570.2117,19570.2117,0.0,1359.1234,0.0,0.0,0.0,0.0,0.0,0.0,0.0,0.0,0.0,0.0,0.0,0.0,0.0,0.0,0.0,0.0,0.0,0.0,-37.2883,0.0,-3467.9437,632.3397,0.0,-28657.5727
2028,143.9406,529.86,181.9146,0.0,107.0086,16.7294,-2.4509,149960.5258,0.0,181.9146,10000.0,0.0,0.0,0.0,0.0,0.0,390786.8162,0.0,0.0,0.0,0.0,0.0,0.0,0.0,0.0,276830.1712,0.0,0.0,0.0,0.0,0.0,0.0,0.0,0.0,0.0,0.0,0.0,0.0,1283.1127,1283.1127,0.0,25492.8165,25492.8165,25492.8165,0.0,1283.1127,0.0,0.0,0.0,0.0,0.0,0.0,0.0,0.0,0.0,0.0,0.0,0.0,0.0,0.0,0.0,0.0,0.0,0.0,-41.275,0.0,-4235.9527,591.0647,0.0,-32893.5254
2029,166.0992,573.1807,181.8901,0.0,106.9942,18.1143,1.3848,149960.5258,0.0,181.8901,10000.0,0.0,0.0,0.0,0.0,0.0,390786.8162,0.0,0.0,0.0,0.0,0.0,0.0,0.0,0.0,276830.1712,0.0,0.0,0.0,0.0,0.0,0.0,0.0,0.0,0.0,0.0,0.0,0.0,1206.467,1206.467,0.0,31742.0568,31742.0568,31742.0568,0.0,1206.467,0.0,0.0,0.0,0.0,0.0,0.0,0.0,0.0,0.0,0.0,0.0,0.0,0.0,0.0,0.0,0.0,0.0,0.0,-44.5226,0.0,-4927.7179,546.5421,0.0,-37821.2433
2030,171.4229,588.0019,85.1943,0.0,50.1143,20.1462,2.0319,149960.5258,0.0,85.1943,10000.0,29.0138,56.8898,56.8898,6389.369,6389.369,390786.8162,0.0,29.0138,56.8898,0.0,0.0,0.0,0.0,0.0,276830.1712,0.0,0.0,0.0,0.0,0.0,0.0,0.0,0.0,0.0,0.0,0.0,0.0,1188.0917,1188.0917,0.0,31596.8215,31596.8215,31596.8215,0.0,1188.0917,0.0,0.0,0.0,0.0,0.0,0.0,0.0,0.0,0.0,0.0,0.0,0.0,0.0,0.0,0.0,0.0,0.0,0.0,-38.3847,0.0,-4097.7053,508.1574,0.0,-41918.9487
2031,178.4646,603.4676,0.0,0.0,0.0,20.1462,0.0,149960.5258,0.0,0.0,10000.0,54.5542,50.0793,106.9691,11083.7484,4694.3794,390786.8162,0.0,54.5542,106.9691,0.0,0.0,0.0,0.0,0.0,276830.1712,0.0,0.0,0.0,0.0,0.0,0.0,0.0,0.0,0.0,0.0,0.0,0.0,1163.8247,1163.8247,0.0,32000.6843,32000.6843,32000.6843,0.0,1163.8247,0.0,0.0,0.0,0.0,0.0,0.0,0.0,0.0,0.0,0.0,0.0,0.0,0.0,0.0,0.0,0.0,0.0,0.0,-34.3598,0.0,-3568.8844,473.7976,0.0,-45487.8331
2032,199.8504,620.8849,0.0,0.0,0.0,20.1462,0.0,149960.5258,0.0,0.0,10000.0,54.5542,0.0,106.9691,9665.6804,-1418.068,390786.8162,0.0,54.5542,106.9691,0.0,0.0,0.0,0.0,-0.0,276830.1712,0.0,0.0,0.0,0.0,0.0,0.0,0.0,0.0,0.0,0.0,0.0,0.0,1089.2431,1089.2431,0.0,37585.2538,37585.2538,37585.2538,0.0,1089.2431,0.0,0.0,0.0,0.0,0.0,0.0,0.0,0.0,0.0,0.0,0.0,0.0,0.0,0.0,0.0,0.0,0.0,0.0,-39.5547,0.0,-4299.8109,434.2428,0.0,-49787.644
2033,222.0209,650.8681,0.0,0.0,0.0,20.1462,0.0,149960.5258,0.0,0.0,10000.0,54.5542,0.0,106.9691,7862.7017,-1802.9787,390786.8162,0.0,54.5542,106.9691,0.0,0.0,0.0,0.0,-0.0,276830.1712,0.0,0.0,0.0,0.0,0.0,0.0,0.0,0.0,0.0,0.0,0.0,0.0,1013.6971,1013.6971,0.0,43229.8945,43229.8945,43229.8945,0.0,1013.6971,0.0,0.0,0.0,0.0,0.0,0.0,0.0,0.0,0.0,0.0,0.0,0.0,0.0,0.0,0.0,0.0,0.0,0.0,-43.5717,0.0,-4917.6892,390.6711,0.0,-54705.3332
2034,244.1736,658.2684,0.0,0.0,0.0,20.1462,0.0,149960.5258,0.0,0.0,10000.0,54.5542,0.0,106.9691,6888.5079,-974.1938,390786.8162,0.0,54.5542,106.9691,0.0,0.0,0.0,0.0,0.0,276830.1712,0.0,0.0,0.0,0.0,0.0,0.0,0.0,0.0,0.0,0.0,0.0,0.0,936.14,936.14,0.0,48993.6924,48993.6924,48993.6924,0.0,936.14,0.0,0.0,0.0,0.0,0.0,0.0,0.0,0.0,0.0,0.0,0.0,0.0,0.0,0.0,0.0,0.0,0.0,0.0,-46.1556,0.0,-5354.2857,344.5155,0.0,-60059.6189
2035,266.8368,683.4136,0.0,0.0,0.0,20.1462,0.0,149960.5258,0.0,0.0,10000.0,54.5815,0.0534,107.0225,5827.8287,-1060.6791,390786.8162,0.0,54.5815,107.0225,0.0,0.0,0.0,0.0,-0.0,276830.1712,0.0,0.0,0.0,0.0,0.0,0.0,0.0,0.0,0.0,0.0,0.0,0.0,858.287,858.287,0.0,54626.961,54626.961,54626.961,0.0,858.287,0.0,0.0,0.0,0.0,0.0,0.0,0.0,0.0,0.0,0.0,0.0,0.0,0.0,0.0,0.0,0.0,0.0,0.0,-48.0587,0.0,-5693.9342,296.4568,0.0,-65753.553
2036,289.2685,757.5835,0.0,0.0,0.0,20.1462,0.0,149960.5258,0.0,0.0,10000.0,54.5815,0.0,107.0225,2510.4706,-3317.3581,390786.8162,0.0,54.5815,107.0225,0.0,0.0,0.0,0.0,-0.0,276830.1712,0.0,0.0,0.0,0.0,0.0,0.0,0.0,0.0,0.0,0.0,0.0,0.0,779.8731,779.8731,0.0,60109.36,60109.36,60109.36,0.0,779.8731,0.0,0.0,0.0,0.0,0.0,0.0,0.0,0.0,0.0,0.0,0.0,0.0,0.0,0.0,0.0,0.0,0.0,0.0,-50.0127,0.0,-6003.3263,246.4441,0.0,-71756.8793
2037,312.3071,729.3845,0.0,0.0,0.0,20.1462,0.0,149960.5258,0.0,0.0,10000.0,54.5815,0.0,107.0225,1512.6207,-997.8499,390786.8162,0.0,54.5815,107.0225,0.0,0.0,0.0,0.0,-0.0,276830.1712,0.0,0.0,0.0,0.0,0.0,0.0,0.0,0.0,0.0,0.0,0.0,0.0,701.3773,701.3773,0.0,65341.2095,65341.2095,65341.2095,0.0,701.3773,0.0,0.0,0.0,0.0,0.0,0.0,0.0,0.0,0.0,0.0,0.0,0.0,0.0,0.0,0.0,0.0,0.0,0.0,-51.7035,0.0,-6262.2346,194.7406,0.0,-78019.1139
2038,335.259,728.1958,0.0,0.0,0.0,20.1462,0.0,149960.5258,0.0,0.0,10000.0,54.5645,0.0,106.9893,1503.8538,-8.7669,390786.8162,0.0,54.5645,107.0225,0.0,0.0,0.0,0.0,0.0,276830.1712,0.0,0.0,0.0,0.0,0.0,0.0,0.0,0.0,0.0,0.0,0.0,0.0,622.1498,622.1498,0.0,70367.0024,70367.0024,70367.0024,0.0,622.1498,0.0,0.0,0.0,0.0,0.0,0.0,0.0,0.0,0.0,0.0,0.0,0.0,0.0,0.0,0.0,0.0,0.0,0.0,-52.2879,0.0,-6353.6694,142.4527,0.0,-84372.7833
2039,358.523,750.9511,0.0,0.0,0.0,20.1462,0.0,149960.5258,0.0,0.0,10000.0,54.5748,0.0,107.0093,1504.6869,0.8331,390786.8162,0.0,54.5748,107.0225,0.0,0.0,0.0,0.0,0.0,276830.1712,0.0,0.0,0.0,0.0,0.0,0.0,0.0,0.0,0.0,0.0,0.0,0.0,542.1734,542.1734,0.0,75162.316,75162.316,75162.316,0.0,542.1734,0.0,0.0,0.0,0.0,0.0,0.0,0.0,0.0,0.0,0.0,0.0,0.0,0.0,0.0,0.0,0.0,0.0,0.0,-51.8985,0.0,-6302.7673,90.5542,0.0,-90675.5506
2040,383.6249,775.2108,0.0,0.0,0.0,20.1462,0.0,149960.5258,0.0,0.0,10000.0,54.5689,0.0,106.9978,1502.2412,-2.4456,390786.8162,0.0,54.5689,107.0225,0.0,0.0,0.0,0.0,-0.0,276830.1712,0.0,0.0,0.0,0.0,0.0,0.0,0.0,0.0,0.0,0.0,0.0,0.0,455.4985,455.4985,0.0,80426.9625,80426.9625,80426.9625,0.0,455.4985,0.0,0.0,0.0,0.0,0.0,0.0,0.0,0.0,0.0,0.0,0.0,0.0,0.0,0.0,0.0,0.0,0.0,0.0,-45.1551,0.0,-5483.9035,45.3991,0.0,-96159.4541
2041,410.4896,800.3156,0.0,0.0,0.0,20.1462,0.0,149960.5258,0.0,0.0,10000.0,54.5803,0.0,107.0202,1505.8469,3.6057,390786.8162,0.0,54.5803,107.0225,0.0,0.0,0.0,0.0,-0.0,276830.1712,0.0,0.0,0.0,0.0,0.0,0.0,0.0,0.0,0.0,0.0,0.0,0.0,362.5883,362.5883,0.0,86080.5388,86080.5388,86080.5388,0.0,362.5883,0.0,0.0,0.0,0.0,0.0,0.0,0.0,0.0,0.0,0.0,0.0,0.0,0.0,0.0,0.0,0.0,0.0,0.0,-32.3476,0.0,-3928.5823,13.0515,0.0,-100088.0364
2042,439.2233,826.951,0.0,0.0,0.0,20.1462,0.0,149960.5258,0.0,0.0,10000.0,54.5699,0.0,106.9998,1504.4927,-1.3542,390786.8162,0.0,54.5699,107.0225,0.0,0.0,0.0,0.0,-0.0,276830.1712,0.0,0.0,0.0,0.0,0.0,0.0,0.0,0.0,0.0,0.0,0.0,0.0,263.5418,263.5418,0.0,92085.2559,92085.2559,92085.2559,0.0,263.5418,0.0,0.0,0.0,0.0,0.0,0.0,0.0,0.0,0.0,0.0,0.0,0.0,0.0,0.0,0.0,0.0,0.0,0.0,-13.0515,0.0,-1585.0938,0.0,0.0,-101673.1302
2043,476.1326,857.7848,0.0,0.0,0.0,20.1462,0.0,149960.5258,0.0,0.0,10000.0,54.5699,0.0,106.9999,1504.5511,0.0584,390786.8162,0.0,54.5699,107.0225,0.0,0.0,0.0,0.0,0.0,276830.1712,0.0,0.0,0.0,0.0,0.0,0.0,0.0,0.0,0.0,0.0,0.0,0.0,138.0452,138.0452,0.0,100894.5721,100894.5721,100894.5721,0.0,138.0452,0.0,0.0,0.0,0.0,0.0,0.0,0.0,0.0,0.0,0.0,0.0,0.0,0.0,0.0,0.0,0.0,0.0,0.0,32.5261,0.0,4002.0642,32.5261,0.0,-97671.066
2044,598.1624,932.278,0.0,0.0,0.0,20.1462,0.0,149960.5258,0.0,0.0,10000.0,48.5585,0.0,95.2128,1505.5492,0.9981,390786.8162,0.0,48.5585,107.0225,0.0,11.7887,11.7887,9220.1874,9220.1874,276830.1712,0.0,0.0,11.7887,0.0,0.0,0.0,0.0,0.0,0.0,0.0,0.0,0.0,0.0,0.0,0.0,110815.7899,110815.7899,110815.7899,0.0,0.0,0.0,0.0,0.0,0.0,0.0,0.0,0.0,0.0,0.0,0.0,0.0,0.0,0.0,0.0,0.0,0.0,0.0,0.0,96.6462,0.0,13961.8978,129.1722,0.0,-83709.1683
2045,600.0656,945.8109,0.0,0.0,0.0,20.1462,0.0,149960.5258,0.0,0.0,10000.0,38.9213,0.0,76.3163,1506.001,0.4517,390786.8162,0.0,38.9213,107.0225,0.0,18.8961,30.6847,23124.7062,13904.5188,276830.1712,0.0,0.0,30.6847,0.0,0.0,0.0,0.0,0.0,0.0,0.0,0.0,0.0,0.0,0.0,0.0,103566.1588,103566.1588,103566.1588,0.0,0.0,0.0,0.0,0.0,0.0,0.0,0.0,0.0,0.0,0.0,0.0,0.0,0.0,0.0,0.0,0.0,0.0,0.0,0.0,26.4529,0.0,3582.8486,155.6251,0.0,-80126.3197
2046,750.1379,1035.2532,0.0,0.0,0.0,20.1462,0.0,149960.5258,0.0,0.0,10000.0,31.1834,0.0,61.144,1504.9286,-1.0724,390786.8162,0.0,31.1834,107.0225,0.0,15.1648,45.8495,32025.0391,8900.3329,276830.1712,0.0,0.0,45.8495,0.0,0.0,0.0,0.0,0.0,0.0,0.0,0.0,0.0,0.0,0.0,0.0,96790.8026,96790.8026,96790.8026,0.0,0.0,0.0,0.0,0.0,0.0,0.0,0.0,0.0,0.0,0.0,0.0,0.0,0.0,0.0,0.0,0.0,0.0,0.0,0.0,-31.1238,0.0,-4925.0002,124.5014,0.0,-85051.3199
2047,937.8802,1143.9381,0.0,0.0,0.0,20.1462,0.0,149960.5258,0.0,0.0,10000.0,24.9512,0.0,48.924,1505.2426,0.314,390786.8162,0.0,24.9512,107.0225,0.0,12.2301,58.0795,36473.7809,4448.7418,276830.1712,0.0,0.0,58.0795,0.0,0.0,0.0,0.0,0.0,0.0,0.0,0.0,0.0,0.0,0.0,0.0,90458.6941,90458.6941,90458.6941,0.0,0.0,0.0,0.0,0.0,0.0,0.0,0.0,0.0,0.0,0.0,0.0,0.0,0.0,0.0,0.0,0.0,0.0,0.0,0.0,-24.9263,0.0,-4608.8772,99.575,0.0,-89660.1971
2048,1172.3083,1276.8958,0.0,0.0,0.0,20.1462,0.0,149960.5258,0.0,0.0,10000.0,20.1131,0.0,39.4374,1504.8516,-0.3909,390786.8162,0.0,20.1131,107.0225,0.0,9.4644,67.5439,36474.0017,0.2208,276830.1712,0.0,0.0,67.5439,0.0,0.0,0.0,0.0,0.0,0.0,0.0,0.0,0.0,0.0,0.0,0.0,84540.8356,84540.8356,84540.8356,0.0,0.0,0.0,0.0,0.0,0.0,0.0,0.0,0.0,0.0,0.0,0.0,0.0,0.0,0.0,0.0,0.0,0.0,0.0,0.0,-19.9094,0.0,-4300.3731,79.6656,0.0,-93960.5702
2049,1465.5306,1439.9196,0.0,0.0,0.0,20.1462,0.0,149960.5258,0.0,0.0,10000.0,15.888,0.0,31.1529,1505.0937,0.2421,390786.8162,0.0,15.888,107.0225,0.0,8.3089,75.8528,33092.3983,-3381.6034,276830.1712,0.0,0.0,75.8528,0.0,0.0,0.0,0.0,0.0,0.0,0.0,0.0,0.0,0.0,0.0,0.0,79010.1267,79010.1267,79010.1267,0.0,0.0,0.0,0.0,0.0,0.0,0.0,0.0,0.0,0.0,0.0,0.0,0.0,0.0,0.0,0.0,0.0,0.0,0.0,0.0,-15.9474,0.0,-4024.4623,63.7182,0.0,-97985.0325
2050,1834.3574,1641.8921,0.0,0.0,0.0,20.1462,0.0,149960.5258,0.0,0.0,10000.0,12.6115,0.0,24.7283,1505.1938,0.1001,390786.8162,0.0,12.6115,107.0225,0.0,6.4645,82.3173,25445.8624,-7646.536,276830.1712,0.0,0.0,82.3173,0.0,0.0,0.0,0.0,0.0,0.0,0.0,0.0,0.0,0.0,0.0,0.0,73841.2399,73841.2399,73841.2399,0.0,0.0,0.0,0.0,0.0,0.0,0.0,0.0,0.0,0.0,0.0,0.0,0.0,0.0,0.0,0.0,0.0,0.0,0.0,0.0,-12.8114,0.0,-3781.9717,50.9068,0.0,-101767.0042
2051,2147.7964,1815.8053,0.0,0.0,0.0,20.1462,0.0,149960.5258,0.0,0.0,10000.0,10.3331,0.0,20.2609,1505.4794,0.2856,390786.8162,0.0,10.3331,107.0225,0.0,4.4397,86.7571,14134.769,-11311.0934,276830.1712,0.0,0.0,86.7571,0.0,0.0,0.0,0.0,0.0,0.0,0.0,0.0,0.0,0.0,0.0,0.0,69010.5046,69010.5046,69010.5046,0.0,0.0,0.0,0.0,0.0,0.0,0.0,0.0,0.0,0.0,0.0,0.0,0.0,0.0,0.0,0.0,0.0,0.0,0.0,0.0,-10.2648,0.0,-3315.8579,40.642,0.0,-105082.8621
2052,2304.0388,1910.0766,0.0,0.0,0.0,20.1462,0.0,149960.5258,0.0,0.0,10000.0,7.9724,0.0,15.6321,1505.2959,-0.1834,390786.8162,0.0,7.9724,107.0225,0.0,4.5953,91.3523,2157.7431,-11977.0259,276830.1712,0.0,0.0,91.3523,0.0,0.0,0.0,0.0,0.0,0.0,0.0,0.0,0.0,0.0,0.0,0.0,64495.7987,64495.7987,64495.7987,0.0,0.0,0.0,0.0,0.0,0.0,0.0,0.0,0.0,0.0,0.0,0.0,0.0,0.0,0.0,0.0,0.0,0.0,0.0,0.0,-8.0555,0.0,-2608.8582,32.5865,0.0,-107691.7203
2053,2471.6216,2010.1509,0.0,0.0,0.0,20.1462,0.0,149960.5258,0.0,0.0,10000.0,6.3358,0.0,12.4231,1505.3091,0.0132,390786.8162,0.0,6.3358,107.0225,0.0,3.2048,94.5571,-11585.3345,-13743.0776,276830.1712,0.0,0.0,94.5571,0.0,0.0,0.0,0.0,0.0,0.0,0.0,0.0,0.0,0.0,0.0,0.0,60276.4474,60276.4474,60276.4474,0.0,0.0,0.0,0.0,0.0,0.0,0.0,0.0,0.0,0.0,0.0,0.0,0.0,0.0,0.0,0.0,0.0,0.0,0.0,0.0,-6.4059,0.0,-2079.9204,26.1807,0.0,-109771.6407
2054,2650.8169,2116.587,0.0,0.0,0.0,20.1462,0.0,149960.5258,0.0,0.0,10000.0,5.0608,0.0,9.9232,1505.2534,-0.0557,390786.8162,0.0,5.0608,107.0225,0.0,2.5113,97.0684,-26367.1436,-14781.809,276830.1712,0.0,0.0,97.0684,0.0,0.0,0.0,0.0,0.0,0.0,0.0,0.0,0.0,0.0,0.0,0.0,56333.1284,56333.1284,56333.1284,0.0,0.0,0.0,0.0,0.0,0.0,0.0,0.0,0.0,0.0,0.0,0.0,0.0,0.0,0.0,0.0,0.0,0.0,0.0,0.0,-5.158,0.0,-1678.6681,21.0227,0.0,-111450.3088
2055,2842.7622,2229.7791,0.0,0.0,0.0,20.1462,0.0,149960.5258,0.0,0.0,10000.0,4.0308,0.0,7.9036,1505.2051,-0.0483,390786.8162,0.0,4.0308,107.0225,0.0,2.0126,99.081,-41930.8739,-15563.7303,276830.1712,0.0,0.0,99.081,0.0,0.0,0.0,0.0,0.0,0.0,0.0,0.0,0.0,0.0,0.0,0.0,52647.7835,52647.7835,52647.7835,0.0,0.0,0.0,0.0,0.0,0.0,0.0,0.0,0.0,0.0,0.0,0.0,0.0,0.0,0.0,0.0,0.0,0.0,0.0,0.0,-4.1257,0.0,-1345.7373,16.8969,0.0,-112796.0461
2056,3048.2524,2350.2086,0.0,0.0,0.0,20.1462,0.0,149960.5258,0.0,0.0,10000.0,3.2152,0.0,6.3044,1505.148,-0.0571,390786.8162,0.0,3.2152,107.0225,0.0,1.5964,100.6774,-58132.2957,-16201.4219,276830.1712,0.0,0.0,100.6774,0.0,0.0,0.0,0.0,0.0,0.0,0.0,0.0,0.0,0.0,0.0,0.0,49203.536,49203.536,49203.536,0.0,0.0,0.0,0.0,0.0,0.0,0.0,0.0,0.0,0.0,0.0,0.0,0.0,0.0,0.0,0.0,0.0,0.0,0.0,0.0,-3.2952,0.0,-1077.131,13.6017,0.0,-113873.1771
2057,3268.2865,2478.3143,0.0,0.0,0.0,20.1462,0.0,149960.5258,0.0,0.0,10000.0,2.9531,0.0,5.7904,1505.1118,-0.0362,390786.8162,0.0,2.9531,107.0225,0.0,0.5482,101.2256,-75337.6769,-17205.3811,276830.1712,0.0,0.0,101.2256,0.0,0.0,0.0,0.0,0.0,0.0,0.0,0.0,0.0,0.0,0.0,0.0,45984.6131,45984.6131,45984.6131,0.0,0.0,0.0,0.0,0.0,0.0,0.0,0.0,0.0,0.0,0.0,0.0,0.0,0.0,0.0,0.0,0.0,0.0,0.0,0.0,-2.7905,0.0,-914.0047,10.8113,0.0,-114787.1818
2058,3503.9613,2614.708,0.0,0.0,0.0,20.1462,0.0,149960.5258,0.0,0.0,10000.0,1.8089,0.0,3.547,1505.1007,-0.0111,390786.8162,0.0,1.8089,107.0225,0.0,2.2362,103.4618,-91462.0033,-16124.3264,276830.1712,0.0,0.0,103.4618,0.0,0.0,0.0,0.0,0.0,0.0,0.0,0.0,0.0,0.0,0.0,0.0,42976.2739,42976.2739,42976.2739,0.0,0.0,0.0,0.0,0.0,0.0,0.0,0.0,0.0,0.0,0.0,0.0,0.0,0.0,0.0,0.0,0.0,0.0,0.0,0.0,-2.0893,0.0,-685.683,8.722,0.0,-115472.8648
2059,3124.9582,2437.8992,0.0,0.0,0.0,20.1462,0.0,149960.5258,0.0,0.0,10000.0,1.8097,0.0,3.5485,1505.1121,0.0115,390786.8162,0.0,1.8097,107.0225,0.0,0.0,103.4618,-106612.5716,-15150.5683,276830.1712,0.0,0.0,103.4618,0.0,0.0,0.0,0.0,0.0,0.0,0.0,0.0,0.0,0.0,0.0,0.0,40164.742,40164.742,40164.742,0.0,0.0,0.0,0.0,0.0,0.0,0.0,0.0,0.0,0.0,0.0,0.0,0.0,0.0,0.0,0.0,0.0,0.0,0.0,0.0,-1.8977,0.0,-519.1037,6.8243,0.0,-115991.9686
2060,4025.9305,2914.2936,0.0,0.0,0.0,20.1462,0.0,149960.5258,0.0,0.0,10000.0,1.8018,0.0,3.5329,1505.1186,0.0065,390786.8162,0.0,1.8018,107.0225,0.0,0.0,103.4618,-124674.7231,-18062.1515,276830.1712,0.0,0.0,103.4618,0.0,0.0,0.0,0.0,0.0,0.0,0.0,0.0,0.0,0.0,0.0,0.0,37537.142,37537.142,37537.142,0.0,0.0,0.0,0.0,0.0,0.0,0.0,0.0,0.0,0.0,0.0,0.0,0.0,0.0,0.0,0.0,0.0,0.0,0.0,0.0,-1.3674,0.0,-450.3574,5.4569,0.0,-116442.3259
2061,4315.2427,3079.1208,0.0,0.0,0.0,20.1462,0.0,149960.5258,0.0,0.0,10000.0,1.257,0.0,2.4646,1505.1123,-0.0063,390786.8162,0.0,1.257,107.0225,0.0,1.0602,104.522,-141998.3068,-17323.5837,276830.1712,0.0,0.0,104.522,0.0,0.0,0.0,0.0,0.0,0.0,0.0,0.0,0.0,0.0,0.0,0.0,35081.4412,35081.4412,35081.4412,0.0,0.0,0.0,0.0,0.0,0.0,0.0,0.0,0.0,0.0,0.0,0.0,0.0,0.0,0.0,0.0,0.0,0.0,0.0,0.0,-1.0882,0.0,-359.0257,4.3687,0.0,-116801.3516
2062,4624.7009,3254.4919,0.0,0.0,0.0,20.1462,0.0,149960.5258,0.0,0.0,10000.0,0.7955,0.0,1.5599,1505.1106,-0.0016,390786.8162,0.0,0.7955,107.0225,0.0,0.909,105.4311,-159609.3167,-17611.0099,276830.1712,0.0,0.0,105.4311,0.0,0.0,0.0,0.0,0.0,0.0,0.0,0.0,0.0,0.0,0.0,0.0,32786.3936,32786.3936,32786.3936,0.0,0.0,0.0,0.0,0.0,0.0,0.0,0.0,0.0,0.0,0.0,0.0,0.0,0.0,0.0,0.0,0.0,0.0,0.0,0.0,-0.7862,0.0,-259.8101,3.5825,0.0,-117061.1617
2063,4944.5427,3435.4843,0.0,0.0,0.0,20.1462,0.0,149960.5258,0.0,0.0,10000.0,0.8091,0.0,1.5865,1505.1138,0.0031,390786.8162,0.0,0.8091,107.0225,0.0,0.0,105.4311,-177967.3344,-18358.0178,276830.1712,0.0,0.0,105.4311,0.0,0.0,0.0,0.0,0.0,0.0,0.0,0.0,0.0,0.0,0.0,0.0,30641.4893,30641.4893,30641.4893,0.0,0.0,0.0,0.0,0.0,0.0,0.0,0.0,0.0,0.0,0.0,0.0,0.0,0.0,0.0,0.0,0.0,0.0,0.0,0.0,-0.8868,0.0,-292.8213,2.6957,0.0,-117353.983
2064,4839.0223,3399.9981,0.0,0.0,0.0,20.1462,0.0,149960.5258,0.0,0.0,10000.0,0.8018,0.0,1.5721,1505.1115,-0.0023,390786.8162,0.0,0.8018,107.0225,0.0,0.0,105.4311,-194781.8793,-16814.5449,276830.1712,0.0,0.0,105.4311,0.0,0.0,0.0,0.0,0.0,0.0,0.0,0.0,0.0,0.0,0.0,0.0,28636.9059,28636.9059,28636.9059,0.0,0.0,0.0,0.0,0.0,0.0,0.0,0.0,0.0,0.0,0.0,0.0,0.0,0.0,0.0,0.0,0.0,0.0,0.0,0.0,-0.6819,0.0,-205.943,2.0138,0.0,-117559.926
2065,5689.9201,3852.4923,0.0,0.0,0.0,20.1462,0.0,149960.5258,0.0,0.0,10000.0,0.3471,0.0,0.6805,1505.1147,0.0032,390786.8162,0.0,0.3471,107.0225,0.0,0.9003,106.3314,-212548.9931,-17767.1137,276830.1712,0.0,0.0,106.3314,0.0,0.0,0.0,0.0,0.0,0.0,0.0,0.0,0.0,0.0,0.0,0.0,26763.4635,26763.4635,26763.4635,0.0,0.0,0.0,0.0,0.0,0.0,0.0,0.0,0.0,0.0,0.0,0.0,0.0,0.0,0.0,0.0,0.0,0.0,0.0,0.0,-0.4313,0.0,-143.1537,1.5825,0.0,-117703.0797
2066,6086.3837,4073.7676,0.0,0.0,0.0,20.1462,0.0,149960.5258,0.0,0.0,10000.0,0.3449,0.0,0.6764,1505.1153,0.0006,390786.8162,0.0,0.3449,107.0225,0.0,0.0,106.3314,-231068.532,-18519.5389,276830.1712,0.0,0.0,106.3314,0.0,0.0,0.0,0.0,0.0,0.0,0.0,0.0,0.0,0.0,0.0,0.0,25012.5827,25012.5827,25012.5827,0.0,0.0,0.0,0.0,0.0,0.0,0.0,0.0,0.0,0.0,0.0,0.0,0.0,0.0,0.0,0.0,0.0,0.0,0.0,0.0,-0.3898,0.0,-129.3385,1.1926,0.0,-117832.4182
2067,6503.9766,4306.1239,0.0,0.0,0.0,20.1462,0.0,149960.5258,0.0,0.0,10000.0,0.3459,0.0,0.6782,1505.1163,0.001,390786.8162,0.0,0.3459,107.0225,0.0,0.0,106.3314,-249540.0249,-18471.493,276830.1712,0.0,0.0,106.3314,0.0,0.0,0.0,0.0,0.0,0.0,0.0,0.0,0.0,0.0,0.0,0.0,23376.2455,23376.2455,23376.2455,0.0,0.0,0.0,0.0,0.0,0.0,0.0,0.0,0.0,0.0,0.0,0.0,0.0,0.0,0.0,0.0,0.0,0.0,0.0,0.0,-0.3938,0.0,-130.4765,0.7989,0.0,-117962.8947
2068,5978.5007,4058.0877,0.0,0.0,0.0,20.1462,0.0,149960.5258,0.0,0.0,10000.0,0.3267,0.0,0.6405,1505.1118,-0.0045,390786.8162,0.0,0.3267,107.0225,0.0,0.0,106.3314,-265456.5823,-15916.5574,276830.1712,0.0,0.0,106.3314,0.0,0.0,0.0,0.0,0.0,0.0,0.0,0.0,0.0,0.0,0.0,0.0,21846.9584,21846.9584,21846.9584,0.0,0.0,0.0,0.0,0.0,0.0,0.0,0.0,0.0,0.0,0.0,0.0,0.0,0.0,0.0,0.0,0.0,0.0,0.0,0.0,-0.1736,0.0,-49.4189,0.6253,0.0,-118012.3136
2069,6522.3988,4355.476,0.0,0.0,0.0,20.1462,0.0,149960.5258,0.0,0.0,10000.0,0.3436,0.0,0.6737,1505.1106,-0.0012,390786.8162,0.0,0.3436,107.0225,0.0,0.0,106.3314,-281652.6196,-16196.0372,276830.1712,0.0,0.0,106.3314,0.0,0.0,0.0,0.0,0.0,0.0,0.0,0.0,0.0,0.0,0.0,0.0,20417.7182,20417.7182,20417.7182,0.0,0.0,0.0,-0.0,0.0,0.0,-0.0,0.0,0.0,0.0,0.0,0.0,-0.0,0.0,0.0,-0.0,0.0,0.0,0.0,0.0,-0.3077,0.0,-89.2917,0.3176,0.0,-118101.6053
2070,6978.9668,4608.9051,0.0,0.0,0.0,20.1462,0.0,149960.5258,0.0,0.0,10000.0,0.3438,0.0,0.674,1505.1094,-0.0012,390786.8162,0.0,0.3438,107.0225,0.0,0.0,106.3314,-297827.314,-16174.6944,276830.1712,0.0,0.0,106.3314,0.0,0.0,0.0,0.0,0.0,0.0,0.0,0.0,0.0,0.0,0.0,0.0,19081.9796,19081.9796,19081.9796,0.0,0.0,0.0,0.0,0.0,0.0,0.0,0.0,0.0,0.0,0.0,0.0,0.0,0.0,0.0,0.0,0.0,0.0,0.0,0.0,-0.3054,0.0,-88.6257,0.0123,0.0,-118190.231
2071,7467.0308,4879.1697,0.0,0.0,0.0,20.1462,0.0,149960.5258,0.0,0.0,10000.0,0.3208,0.0,0.629,1505.0989,-0.0105,390786.8162,0.0,0.3208,107.0225,0.0,0.0,106.3314,-313981.028,-16153.714,276830.1712,0.0,0.0,106.3314,0.0,0.0,0.0,0.0,0.0,0.0,0.0,0.0,0.0,0.0,0.0,0.0,17833.6258,17833.6258,17833.6258,0.0,0.0,0.0,0.0,0.0,0.0,0.0,0.0,0.0,0.0,0.0,0.0,0.0,0.0,0.0,0.0,0.0,0.0,0.0,0.0,-0.0123,0.0,-3.5559,0.0,0.0,-118193.7869
2072,7542.5436,4938.9923,0.0,0.0,0.0,20.1462,0.0,149960.5258,0.0,0.0,10000.0,0.3283,0.0,0.6436,1505.0886,-0.0103,390786.8162,0.0,0.3283,107.0225,0.0,0.0,106.3314,-329234.414,-15253.386,276830.1712,0.0,0.0,106.3314,0.0,0.0,0.0,0.0,0.0,0.0,0.0,0.0,0.0,0.0,0.0,0.0,16666.94,16666.94,16666.94,0.0,0.0,0.0,0.0,0.0,0.0,0.0,0.0,0.0,0.0,0.0,0.0,0.0,0.0,0.0,0.0,0.0,0.0,0.0,0.0,-0.0,0.0,-0.0,0.0,0.0,-118193.7869
2073,1383.6572,1819.8013,0.0,0.0,0.0,20.1462,0.0,149960.5258,0.0,0.0,10000.0,0.3283,0.0,0.6437,1505.079,-0.0096,390786.8162,0.0,0.3283,107.0225,0.0,0.0,106.3314,-332159.087,-2924.673,276830.1712,0.0,0.0,106.3314,0.0,0.0,0.0,0.0,0.0,0.0,0.0,0.0,0.0,0.0,0.0,0.0,15576.5794,15576.5794,15576.5794,0.0,0.0,0.0,0.0,0.0,0.0,0.0,0.0,0.0,0.0,0.0,0.0,0.0,0.0,0.0,0.0,0.0,0.0,0.0,0.0,-0.0,0.0,-0.0,0.0,0.0,-118193.7869
