Y,λ_ets_min,λ_ets_Q1,λ_ets_mean,λ_ets_Q3,λ_ets_max,λ_product_min,λ_product_Q1,λ_product_mean,λ_product_Q3,λ_product_max,BF-BOF_b_min,BF-BOF_b_Q1,BF-BOF_b_mean,BF-BOF_b_Q3,BF-BOF_b_max,BF-BOF_cap,BF-BOF_g_min,BF-BOF_g_Q1,BF-BOF_g_mean,BF-BOF_g_Q3,BF-BOF_g_max,BF-BOF_bank_min,BF-BOF_bank_Q1,BF-BOF_bank_mean,BF-BOF_bank_Q3,BF-BOF_bank_max,BF-BOF_netto_emiss_min,BF-BOF_netto_emiss_Q1,BF-BOF_netto_emiss_mean,BF-BOF_netto_emiss_Q3,BF-BOF_netto_emiss_max,BF-BlendH2-BOF_b_min,BF-BlendH2-BOF_b_Q1,BF-BlendH2-BOF_b_mean,BF-BlendH2-BOF_b_Q3,BF-BlendH2-BOF_b_max,BF-BlendH2-BOF_cap,BF-BlendH2-BOF_g_min,BF-BlendH2-BOF_g_Q1,BF-BlendH2-BOF_g_mean,BF-BlendH2-BOF_g_Q3,BF-BlendH2-BOF_g_max,BF-BlendH2-BOF_bank_min,BF-BlendH2-BOF_bank_Q1,BF-BlendH2-BOF_bank_mean,BF-BlendH2-BOF_bank_Q3,BF-BlendH2-BOF_bank_max,BF-BlendH2-BOF_netto_emiss_min,BF-BlendH2-BOF_netto_emiss_Q1,BF-BlendH2-BOF_netto_emiss_mean,BF-BlendH2-BOF_netto_emiss_Q3,BF-BlendH2-BOF_netto_emiss_max,HDRI-EAF_b_min,HDRI-EAF_b_Q1,HDRI-EAF_b_mean,HDRI-EAF_b_Q3,HDRI-EAF_b_max,HDRI-EAF_cap,HDRI-EAF_g_min,HDRI-EAF_g_Q1,HDRI-EAF_g_mean,HDRI-EAF_g_Q3,HDRI-EAF_g_max,HDRI-EAF_bank_min,HDRI-EAF_bank_Q1,HDRI-EAF_bank_mean,HDRI-EAF_bank_Q3,HDRI-EAF_bank_max,HDRI-EAF_netto_emiss_min,HDRI-EAF_netto_emiss_Q1,HDRI-EAF_netto_emiss_mean,HDRI-EAF_netto_emiss_Q3,HDRI-EAF_netto_emiss_max,BF-BlendNG-BOF_b_min,BF-BlendNG-BOF_b_Q1,BF-BlendNG-BOF_b_mean,BF-BlendNG-BOF_b_Q3,BF-BlendNG-BOF_b_max,BF-BlendNG-BOF_cap,BF-BlendNG-BOF_g_min,BF-BlendNG-BOF_g_Q1,BF-BlendNG-BOF_g_mean,BF-BlendNG-BOF_g_Q3,BF-BlendNG-BOF_g_max,BF-BlendNG-BOF_bank_min,BF-BlendNG-BOF_bank_Q1,BF-BlendNG-BOF_bank_mean,BF-BlendNG-BOF_bank_Q3,BF-BlendNG-BOF_bank_max,BF-BlendNG-BOF_netto_emiss_min,BF-BlendNG-BOF_netto_emiss_Q1,BF-BlendNG-BOF_netto_emiss_mean,BF-BlendNG-BOF_netto_emiss_Q3,BF-BlendNG-BOF_netto_emiss_max,fringe_b_min,fringe_b_Q1,fringe_b_mean,fringe_b_Q3,fringe_b_max,fringe_g_min,fringe_g_Q1,fringe_g_mean,fringe_g_Q3,fringe_g_max,fringe_bank_min,fringe_bank_Q1,fringe_bank_mean,fringe_bank_Q3,fringe_bank_max,fringe_netto_emiss_min,fringe_netto_emiss_Q1,fringe_netto_emiss_mean,fringe_netto_emiss_Q3,fringe_netto_emiss_max
2024,32.2414,65.71962500000001,90.24969999999999,138.39915,206.6797,225.2671,287.21562499999993,332.5559,417.642625,529.5544,0.0,0.0,197.8994,197.939375,211.6064,0.0,0.0,0.0,106.9726,106.99425000000001,107.0859,0.0,0.0,0.0,0.0001,13.4975,0.0,0.0,197.89935,197.93935,198.1089,0.0,0.0,0.0,3.43125,18.362,0.0,0.0,0.0,0.0,0.0,0.0,0.0,0.0,0.0,3.43125,18.362,0.0,0.0,0.0,0.0,0.0,0.0,0.0,0.0,3.43125,18.362,0.0,0.0,0.0,0.0,0.0,0.0,0.0,0.0,0.0,3.43125,18.362,0.0,0.0,0.0,0.0,0.0,0.0,0.446225,3.82055,175.37155,175.373,0.0,0.0,0.0,0.0,106.999075,107.0,0.0,0.0,0.0004,3.4313749999999996,18.3621,0.0,0.0,0.0,175.37155,175.373,1130.4109,1176.958275,1187.516,1210.6269,1210.6328,0.0,0.0,0.0,0.0,0.0,248.0751,316.3806,362.92945,397.18375,422.0126,708.3983,780.568675,825.2428,892.7484250000001,962.5519
2025,34.5241,70.36925,96.60555,148.0869,221.1473,232.8138,299.12845,347.7052,437.33665,557.0829,-0.0,0.0,197.89499999999998,198.180225,200.9649,0.0,0.0,0.0,106.98830000000001,107.43079999999999,109.2671,0.0,0.0,0.0,0.0,0.0002,0.0,0.0,197.92835000000002,198.74705,202.1442,-5.8581,-3.43125,0.0,0.0,0.0,0.0,0.0,0.0,0.0,0.0,0.0,0.0,0.0,0.0,0.0,13.9535,0.0,0.0,0.0,0.0,0.0,-5.8581,-3.43125,-0.0,0.0,0.0,0.0,0.0,0.0,0.0,0.0,0.0,0.0,0.0,0.0,0.0,13.9535,0.0,0.0,0.0,0.0,0.0,-5.8525,-3.4313749999999996,-0.0004,175.36874999999998,175.3743,0.0,0.0,0.0,0.0,106.9974,107.0008,0.0,0.0,0.0,0.0,13.9537,0.0,0.0,0.0,175.36874999999998,175.3743,778.7361,780.7730750000001,793.63695,806.1866500000001,1085.986,0.0,0.0,0.0,0.0,0.0,779.5505,1114.6114750000002,1141.5650500000002,1175.865,1229.818,0.0,0.0,0.0,0.0,722.4187
2026,36.9658,75.268175,103.3483,158.453075,236.6276,240.7035,311.567775,363.51945,458.21945,586.3475,-0.0,0.0,197.73180000000002,197.91219999999998,198.5319,0.0,0.0,0.0,106.88205,106.97955,107.3145,0.0,0.0,0.0,0.0,0.0011,0.0,0.0,197.73175,197.91219999999998,198.5319,-8.9066,0.0,-0.0,0.0,-0.0,0.0,0.0,0.0,0.0,0.0,0.0,0.0,0.0,0.0,0.0,5.0469,0.0,0.0,0.0,0.0,0.0,-8.9066,0.0,0.0,0.0,0.0,0.0,0.0,0.0,0.0,0.0,0.0,0.0,0.0,0.0,0.0,5.0469,0.0,0.0,0.0,0.0,0.0,-8.9044,0.0001,0.0003,175.373,175.3731,0.0,0.0,0.0,0.0,107.0,107.0001,0.0,0.0,0.0001,0.00017500000000000003,5.0493,0.0,0.0,0.0,175.37307499999997,175.3732,685.5832,706.9743749999999,709.91905,726.62045,1009.1525,0.0,0.0,0.0,0.0,0.0,1099.5221,1840.6459999999997,1849.4864499999999,1884.3969249999998,1975.9855,0.0,0.0,0.0,0.0,689.1809
2027,39.5811,80.5379,110.58265,169.5448,253.1916,248.9878,324.76532499999996,380.34950000000003,480.36910000000006,617.4661,-0.0,0.0,197.70929999999998,197.980725,199.2663,0.0,0.0,0.0,106.86985,107.0166,107.7115,0.0,0.0,0.0,0.0,0.0019,0.0,0.0,197.70929999999998,197.980725,199.2663,-5.0469,0.0,-0.0,0.0,0.0,0.0,0.0,0.0,0.0,0.0,0.0,0.0,0.0,0.0,0.0,0.0,0.0,0.0,0.0,0.0,0.0,-5.0469,0.0,-0.0,0.0,-0.0,0.0,0.0,0.0,0.0,0.0,0.0,0.0,0.0,0.0,0.0,0.0,0.0,0.0,0.0,0.0,0.0,-5.0493,-0.00017500000000000003,-0.0001,175.373,189.3482,0.0,0.0,0.0,0.0,107.0,115.5267,0.0,0.0,0.0,0.0,0.0,0.0,0.0,0.0,175.373,189.3483,622.6571,626.724125,629.0113,645.6577,949.6384,0.0,0.0,0.0,0.0,0.0,1393.3557,2475.5637500000003,2489.3001999999997,2516.880725,2636.8523,0.0,0.0,0.0,0.0,655.8047
2028,42.3815,86.17552500000001,118.33109999999999,181.41292499999997,270.915,257.6833,338.710425,398.21895,503.87065000000007,650.5645,-0.0001,0.0,197.55214999999998,197.946425,214.983,0.0,0.0,0.0,106.78495,106.9981,116.207,-0.0,0.0,0.0,0.0,0.0,0.0,0.0,197.5522,197.946525,214.983,-0.0,0.0,-0.0,0.0,-0.0,0.0,0.0,0.0,0.0,0.0,0.0,0.0,0.0,0.0,0.0,0.0,0.0,0.0,0.0,0.0,0.0,-0.0,0.0,-0.0,0.0,-0.0,0.0,0.0,0.0,0.0,0.0,0.0,0.0,0.0,0.0,0.0,0.0,0.0,0.0,0.0,0.0,0.0,-0.0,0.0,0.0,175.37297499999997,175.3732,0.0,0.0,0.0,0.0,106.999975,107.0001,0.0,0.0,0.0,0.0,0.0,0.0,0.0,0.0,175.37297499999997,175.3732,516.26,543.235825,545.5246,561.81335,888.6434,0.0,0.0,0.0,0.0,0.0,1658.2271,3030.552375,3041.8054,3072.4419999999996,3180.2587,0.0,0.0,0.0,0.0,623.772
2029,45.38,92.20787499999999,126.59039999999999,194.11185,289.879,266.8156,353.455975,417.04365,528.8148249999999,685.7773,-0.0,0.0,189.812,197.87992500000001,198.9729,0.0,0.0,0.0,102.60105,106.96215,107.5529,0.0,0.0,0.0,0.0,0.0,0.0,0.0,189.812,197.87992500000001,198.9729,-0.0,0.0,0.0,0.0,0.0,0.0,0.0,0.0,0.0,0.0,0.0,0.0,0.0,0.0,0.0,0.0,0.0,0.0,0.0,0.0,0.0,0.0,0.0,0.0,0.0,0.0,0.0,0.0,0.0,0.0,0.0,0.0,0.0,0.0,0.0,0.0,0.0,0.0,0.0,0.0,0.0,0.0,-0.0,0.0,0.0,175.3731,307.6917,0.0,0.0,0.0,0.0,107.00007500000001,187.7314,0.0,0.0,0.0,0.0,0.0,0.0,0.0,0.0,175.3731,307.6917,394.7449,459.15397500000006,462.1107,476.368425,827.3764,0.0,0.0,0.0,0.0,0.0,1893.2226,3488.245675,3517.72165,3535.519625,3575.0036,0.0,0.0,0.0,0.0,592.3809
2030,48.5906,98.662425,135.47035,207.69965,310.1705,276.4122,369.054275,437.0301,555.298625,723.2484,-0.0,0.0,44.2082,197.47142499999998,198.2518,0.0,0.0,0.0,23.8963,106.74130000000001,107.1632,0.0,0.0,0.0,0.0,0.0,0.0,0.0,44.2082,197.47142499999998,198.2518,-0.0,0.0,0.0,0.0,0.0,0.0,0.0,0.0,0.0,0.0,0.0,0.0,0.0,0.0,0.0,0.0,0.0,0.0,0.0,0.0,0.0,-0.0,0.0,-0.0,0.0,-0.0,0.0,0.0,0.0,0.0,0.0,0.0,0.0,0.0,0.0,0.0,0.0,0.0,0.0,0.0,0.0,0.0,-0.0,0.0,136.33465,175.373275,358.6882,0.0,0.0,0.0,83.1816,107.00017500000001,218.8458,0.0,0.0,0.0,0.0,0.0,0.0,0.0,136.33465,175.373275,358.6882,178.4684,373.27389999999997,382.9548,389.38525,766.6438,0.0,0.0,0.0,0.0,0.0,2097.1035,3866.2614249999997,3900.23045,3913.38135,3927.4814,0.0,0.0,0.0,0.0,562.7629
2031,51.9089,106.16375,144.95080000000002,222.2386,331.8825,286.3214,386.682425,456.75065,583.425575,763.1318,-0.0,0.0,-0.0,198.28555,227.6046,0.0,0.0,0.0,0.0,107.1814,123.0295,-0.0,0.0,0.0,0.0,0.0,0.0,0.0,0.0,198.28555,227.6046,0.0,0.0,0.0,0.0,0.0,0.0,0.0,0.0,0.0,0.0,0.0,0.0,0.0,0.0,0.0,0.0,0.0,0.0,0.0,0.0,0.0,0.0,0.0,0.0,0.0,0.0,0.0,0.0,0.0,0.0,0.0,0.0,0.0,0.0,0.0,0.0,0.0,0.0,0.0,0.0,0.0,0.0,-0.0,0.0,174.78615000000002,175.373275,177.0739,0.0,0.0,0.0,106.64195000000001,107.00017500000001,108.0378,0.0,0.0,0.0,0.0,0.0,0.0,0.0,174.78615000000002,175.373275,177.0739,272.3162,284.8766,299.6456,301.41145,706.266,0.0,0.0,0.0,0.0,0.0,2270.2259,4160.705575,4186.3366000000005,4209.403825,4224.2402,0.0,0.0,0.0,0.0,533.1436
2032,55.5373,114.9206,155.0974,237.79532500000002,355.1143,296.8285,406.61535,477.76455,613.3065,805.5922,-0.0,0.0,0.0,198.182775,398.1483,0.0,0.0,0.0,0.0,107.12585,215.2153,0.0,0.0,0.0,0.0,0.0,0.0,0.0,0.0,198.182775,398.1483,-0.0,0.0,-0.0,0.0,-0.0,0.0,0.0,0.0,0.0,0.0,0.0,0.0,0.0,0.0,0.0,0.0,0.0,0.0,0.0,0.0,0.0,-0.0,0.0,-0.0,0.0,-0.0,0.0,0.0,0.0,0.0,0.0,0.0,0.0,0.0,0.0,0.0,0.0,0.0,0.0,0.0,0.0,0.0,0.0,0.0,174.84655,175.3735,336.5438,0.0,0.0,0.0,106.6788,107.0003,205.3348,0.0,0.0,0.0,0.0,0.0,0.0,0.0,174.84655,175.3735,336.5438,166.3487,194.760325,208.9233,211.332075,645.2813,0.0,0.0,0.0,0.0,0.0,2413.1638,4369.488925,4387.44615,4416.085325,4432.7093,0.0,0.0,0.0,0.0,502.3434
2033,59.4189,124.491725,165.95425,254.441,379.9722,307.877,428.259625,500.03020000000004,645.05995,850.8057,0.0,0.0,0.0,197.42132500000002,202.3078,0.0,0.0,0.0,0.0,106.71419999999999,109.3556,0.0,0.0,0.0,0.0,0.0,0.0,0.0,0.0,197.42132500000002,202.3078,0.0,0.0,0.0,0.0,0.0,0.0,0.0,0.0,0.0,0.0,0.0,0.0,0.0,0.0,0.0,0.0,0.0,0.0,0.0,0.0,0.0,-0.0,0.0,-0.0,0.0,-0.0,0.0,0.0,0.0,0.0,0.0,0.0,0.0,0.0,0.0,0.0,0.0,0.0,0.0,0.0,0.0,0.0,-0.0,0.0,175.3342,175.37367500000002,199.7459,0.0,0.0,0.0,106.97635,107.0004,121.8706,0.0,0.0,0.0,0.0,0.0,0.0,0.0,175.3342,175.37367500000002,199.7459,66.7816,103.84135,116.04305,118.62185000000001,583.8199,0.0,0.0,0.0,0.0,0.0,2526.9336,4479.40355,4499.0283500000005,4532.5643,4548.1467,0.0,0.0,0.0,0.0,470.0502
2034,63.5761,134.9223,177.57105,272.251875,406.5703,319.5218,451.49795000000006,523.6308,678.8126,898.9605,-0.0,0.0,0.0,197.3323,198.5643,0.0,0.0,0.0,0.0,106.66612500000001,107.3321,0.0,0.0,0.0,0.0,0.0,0.0,0.0,0.0,197.3323,198.5643,-0.0,0.0,-0.0,0.0,-0.0,0.0,0.0,0.0,0.0,0.0,0.0,0.0,0.0,0.0,0.0,0.0,0.0,0.0,0.0,0.0,0.0,0.0,0.0,0.0,0.0,0.0,0.0,0.0,0.0,0.0,0.0,0.0,0.0,0.0,0.0,0.0,0.0,0.0,0.0,0.0,0.0,0.0,0.0,0.0,174.95805000000001,175.3737,188.2842,0.0,0.0,0.0,106.74680000000001,107.00047500000001,114.8775,0.0,0.0,0.0,0.0,0.0,0.0,0.0,174.95805000000001,175.3737,188.2842,6.3527,12.149875000000002,21.14785,23.860950000000003,522.7313,0.0,0.0,0.0,0.0,0.0,2613.2103,4486.2685249999995,4520.0873,4553.76965,4568.2303,0.0,0.0,0.0,0.0,436.4545
2035,68.0262,146.21747499999998,190.00099999999998,291.309525,435.0302,331.7918,476.639075,548.65535,714.6999250000001,950.2582,-0.0,0.0,-0.0,196.00505,375.9689,0.0,0.0,0.0,0.0,105.9487,203.2264,0.0,0.0,0.0,0.0,0.0,0.0,0.0,0.0,196.00505,375.9689,0.0,0.0,0.0,0.0,0.0,0.0,0.0,0.0,0.0,0.0,0.0,0.0,0.0,0.0,0.0,0.0,0.0,0.0,0.0,0.0,0.0,0.0,0.0,0.0,0.0,0.0,0.0,0.0,0.0,0.0,0.0,0.0,0.0,0.0,0.0,0.0,0.0,0.0,0.0,0.0,0.0,0.0,0.0,0.0,175.10155,175.37384999999998,178.2961,0.0,0.0,0.0,106.83435,107.00047500000001,108.7835,0.0,0.0,0.0,0.0,0.0,0.0,0.0,175.10155,175.37384999999998,178.2961,-92.3806,-77.5789,-75.44319999999999,-71.2116,461.7937,0.0,0.0,0.0,0.0,0.0,2674.4706,4411.6395,4443.8351999999995,4477.3011750000005,4490.5559,0.0,0.0,0.0,0.0,400.5334
2036,72.788,157.300225,203.3011,311.70115,465.4823,344.7199,500.05830000000003,575.1990499999999,752.8667,1004.9141,-0.0,0.0,0.0,46.158825,226.1635,0.0,0.0,0.0,0.0,18.87255,122.2505,0.0,0.0,0.0,0.0,14.9927,0.0,0.0,0.0,34.9143,226.1635,0.0,0.0,0.0,0.0,0.0,0.0,0.0,0.0,0.0,0.0,0.0,0.0,0.0,0.0,0.0,0.0,0.0,0.0,0.0,0.0,0.0,-0.0,0.0,-0.0,0.0,-0.0,0.0,0.0,0.0,0.0,0.0,0.0,0.0,0.0,0.0,0.0,0.0,0.0,0.0,0.0,0.0,0.0,-0.0,143.899175,175.1363,175.3738,211.0906,0.0,0.0,87.79695,106.85560000000001,107.0005,128.7923,0.0,0.0,0.0,0.0,0.0,0.0,143.899175,175.1363,175.3738,211.0906,-248.6164,-177.99475,-176.6763,-173.130575,403.0758,0.0,0.0,0.0,0.0,0.0,2714.8811,4233.5719500000005,4269.04735,4300.590925,4312.5518,0.0,0.0,0.0,0.0,362.6653
2037,77.8831,169.32557500000001,217.53215,333.52025000000003,498.0661,358.3472,524.35145,603.36355,793.467975,1063.1586,-9.1702,0.0,-0.0,0.0,434.1014,0.0,0.0,0.0,0.0,0.0,234.6494,0.0,0.0,0.0,0.0,5.8225,0.0,0.0,0.0,0.0,434.1014,-0.0,0.0,-0.0,0.0,0.0,0.0,0.0,0.0,0.0,0.0,0.0,0.0,0.0,0.0,0.0,0.0,0.0,0.0,0.0,0.0,0.0,0.0,0.0,0.0,0.0,0.0,0.0,0.0,0.0,0.0,0.0,0.0,0.0,0.0,0.0,0.0,0.0,0.0,0.0,0.0,0.0,0.0,0.0,173.22625000000002,175.21435,175.3735,248.6198,0.0,0.0,105.690225,106.9032,107.0003,151.6899,0.0,0.0,0.0,0.0,0.0,0.0,173.22625000000002,175.21435,175.3735,248.6198,-295.4517,-280.17795,-276.72335,-271.62760000000003,371.7482,0.0,0.0,0.0,0.0,0.0,2764.95,3958.85525,3997.00555,4021.5852999999997,4110.7815,0.0,0.0,0.0,0.0,321.6793
2038,83.3349,182.53005,232.75945000000002,356.866625,532.9307,372.7182,550.907425,633.2576,836.6693,1125.2383,-5.8225,0.0,0.0,0.0,209.2483,0.0,0.0,0.0,0.0,0.0,113.1072,0.0,0.0,0.0,0.0,0.0,0.0,0.0,0.0,0.0,209.2483,-0.0,0.0,-0.0,0.0,-0.0,0.0,0.0,0.0,0.0,0.0,0.0,0.0,0.0,0.0,0.0,0.0,0.0,0.0,0.0,0.0,0.0,-0.0,0.0,-0.0,0.0,-0.0,0.0,0.0,0.0,0.0,0.0,0.0,0.0,0.0,0.0,0.0,0.0,0.0,0.0,0.0,0.0,0.0,-0.0,174.39092499999998,175.37234999999998,175.3737,209.8672,0.0,0.0,106.4008,106.99965,107.0004,128.0459,0.0,0.0,0.0,0.0,0.0,0.0,174.39092499999998,175.37234999999998,175.3737,209.8672,-465.056,-386.141575,-382.44665,-377.3214,307.4399,0.0,0.0,0.0,0.0,0.0,2795.9567,3577.5705500000004,3614.7177,3635.858875,3645.7255,0.0,0.0,0.0,0.0,276.4332
2039,89.1684,194.88285,249.05255,381.8473,570.2359,387.8812,575.76305,664.9973500000001,882.64795,1191.4168,-0.0,0.0,-0.0,0.0,207.3823,0.0,0.0,0.0,0.0,0.0,112.0985,0.0,0.0,0.0,0.0,0.0,0.0,0.0,0.0,0.0,207.3823,0.0,0.0,0.0,0.0,0.0,0.0,0.0,0.0,0.0,0.0,0.0,0.0,0.0,0.0,0.0,0.0,0.0,0.0,0.0,0.0,0.0,0.0,0.0,0.0,0.0,0.0,0.0,0.0,0.0,0.0,0.0,0.0,0.0,0.0,0.0,0.0,0.0,0.0,0.0,0.0,0.0,0.0,0.0,174.0951,175.37235,175.5467,560.5039,0.0,0.0,106.22030000000001,106.9993,107.049625,341.9792,0.0,0.0,0.0,0.0,11.5661,0.0,174.0951,175.3718,175.45432499999998,560.5039,-573.3494,-495.2543,-491.30235,-485.473775,230.017,0.0,0.0,0.0,0.0,0.0,2773.0901,3080.2923,3120.74,3140.554825,3148.0822,0.0,0.0,0.0,0.0,252.8836
2040,95.4102,208.55005,266.48625000000004,408.57662500000004,610.1524,403.8868,603.3066249999999,698.7072000000001,931.5932750000001,1261.9759,-0.0,0.0,-0.0,0.0,197.7347,0.0,0.0,0.0,0.0,0.0,106.8836,0.0,0.0,0.0,0.0,0.0,0.0,0.0,0.0,0.0,197.7347,-0.0,0.0,-0.0,0.0,0.0,0.0,0.0,0.0,0.0,0.0,0.0,0.0,0.0,0.0,0.0,0.0,0.0,0.0,0.0,0.0,0.0,-0.0,0.0,-0.0,0.0,-0.0,0.0,0.0,0.0,0.0,0.0,0.0,0.0,0.0,0.0,0.0,0.0,0.0,0.0,0.0,0.0,0.0,0.0,174.00692500000002,175.37099999999998,175.461925,191.2724,0.0,0.0,106.16647499999999,106.99865,107.00135,110.8082,0.0,0.0,0.0,0.0,27.5832,0.0,174.00692500000002,175.37075,175.375225,181.6147,-608.8402,-607.148025,-602.6830500000001,-595.05045,164.668,0.0,0.0,0.0,0.0,0.0,2442.5016,2491.672025,2519.85205,2533.7877499999995,2715.0375,0.0,0.0,0.0,0.0,222.7207
2041,102.0889,223.17579999999998,285.14035,437.177025,652.8631,420.79,632.526475,734.5199,983.708,1337.2174,-0.0,0.0,0.0,0.0,197.6945,0.0,0.0,0.0,0.0,0.0,106.8619,0.0,0.0,0.0,0.0,0.0,0.0,0.0,0.0,0.0,197.6945,-0.0,0.0,0.0,0.0,0.0,0.0,0.0,0.0,0.0,0.0,0.0,0.0,0.0,0.0,0.0,0.0,0.0,0.0,0.0,0.0,0.0,-0.0,0.0,-0.0,0.0,0.0,0.0,0.0,0.0,0.0,0.0,0.0,0.0,0.0,0.0,0.0,0.0,0.0,0.0,0.0,0.0,0.0,0.0,174.65120000000002,175.37054999999998,175.46875,273.3578,0.0,0.0,106.559575,106.9984,107.00105,166.7833,0.0,0.0,0.0,0.0,48.5835,0.0,174.65120000000002,175.3704,175.374725,273.3578,-725.0073,-723.193075,-718.4182000000001,-708.6666,98.789,0.0,0.0,0.0,0.0,0.0,1746.0906,1783.603325,1800.8739,1810.4734000000003,2622.0086,0.0,0.0,0.0,0.0,191.8179
2042,109.2351,238.827275,305.10015,467.7794,698.5635,438.649,663.53565,772.57755,1039.208825,1417.4639,0.0,0.0,0.0,0.0,197.6558,0.0,0.0,0.0,0.0,0.0,106.841,0.0,0.0,0.0,0.0,0.0,0.0,0.0,0.0,0.0,197.6558,-0.0,0.0,0.0,0.0,0.0,0.0,0.0,0.0,0.0,0.0,0.0,0.0,0.0,0.0,0.0,0.0,0.0,0.0,0.0,0.0,0.0,-0.0,0.0,0.0,0.0,0.0,0.0,0.0,0.0,0.0,0.0,0.0,0.0,0.0,0.0,0.0,0.0,0.0,0.0,0.0,0.0,0.0,0.0,174.59925,175.3711,175.47719999999998,201.8732,0.0,0.0,106.52792500000001,106.9987,107.00027499999999,111.3633,0.0,0.0,0.0,0.0,75.2193,0.0,174.59925,175.3709,175.373475,182.5244,-845.0413,-843.09445,-837.9902999999999,-829.21185,32.2644,0.0,0.0,0.0,0.0,0.0,933.2919,952.2461,962.2863500000001,967.2495250000001,2494.1133,0.0,0.0,0.0,0.0,160.1597
2043,116.8816,255.57645000000002,326.45715,500.523925,747.4629,457.5263,696.45515,813.0319999999999,1098.327525,1503.0605,-0.0,0.0,-0.0,0.0,197.7058,0.0,0.0,0.0,0.0,0.0,106.868,0.0,0.0,0.0,0.0,0.0,0.0,0.0,0.0,0.0,197.7058,-0.0,0.0,-0.0,0.0,-0.0,0.0,0.0,0.0,0.0,0.0,0.0,0.0,0.0,0.0,0.0,0.0,0.0,0.0,0.0,0.0,0.0,-0.0,0.0,-0.0,0.0,-0.0,0.0,0.0,0.0,0.0,0.0,0.0,0.0,0.0,0.0,0.0,0.0,0.0,0.0,0.0,0.0,0.0,-0.0,174.5371,175.3684,175.47979999999998,208.3014,0.0,0.0,106.49005000000001,106.9971,106.99905,111.6657,-0.0,0.0,0.0,0.0,108.2929,0.0,174.5371,175.36825,175.371425,183.0201,-969.1933,-967.1193,-961.64845,-951.392975,-35.0538,0.0,0.0,0.0,0.0,0.0,-0.0,0.0,0.0,0.0,2331.3316,0.0,0.0,0.0,0.0,127.728
2044,0.0,0.0,0.0,0.0,288.1907,0.0,0.0,0.0,0.0,754.3743,0.0,0.3786,0.37895,0.380975,0.3833,0.0,0.0,0.0,0.0,0.0,0.0,0.0,0.3786,0.37895,0.380975,0.3833,0.0,0.0,0.0,0.0,0.0,0.0,0.0349,0.035,0.0351,0.036,0.0,0.0,0.0,0.0,0.0,0.0,0.0,0.0349,0.035,0.0351,0.036,0.0,0.0,0.0,0.0,0.0,0.0,0.259125,0.2593,0.2595,0.2598,0.0,0.0,0.0,0.0,0.0,0.0,0.0,0.259125,0.2593,0.2595,0.2598,0.0,0.0,0.0,0.0,0.0,0.3793,0.38239999999999996,0.3857,0.39189999999999997,215.3356,0.0,0.0,0.0,0.0,0.0,106.9049,0.3793,0.38239999999999996,0.3857,0.39189999999999997,148.4113,0.0,0.0,0.0,0.0,175.2171,-102.9693,0.0315,0.03175,0.033275000000000006,0.034,0.0,0.0,0.0,0.0,0.0,0.03,0.031525,0.0318,0.033375,2133.816,0.0,0.0,0.0,0.0,94.5462
2045,0.0,0.0,0.0,0.0,308.5437,0.0,0.0,0.0,0.0,793.454,0.0,0.1206,0.12085,0.121,0.1216,0.0,0.0,0.0,0.0,0.0,0.0,0.0,0.499325,0.49975,0.5019750000000001,0.5039,0.0,0.0,0.0,0.0,0.0,0.0,0.0027,0.0027,0.0028,0.0029,0.0,0.0,0.0,0.0,0.0,0.0,0.0,0.0376,0.03775,0.037875000000000006,0.0385,0.0,0.0,0.0,0.0,0.0,0.0,0.2049,0.2049,0.205,0.205,0.0,0.0,0.0,0.0,0.0,0.0,0.0,0.4641,0.4643,0.4645,0.4648,0.0,0.0,0.0,0.0,0.0,0.0802,0.080425,0.08515,0.0867,223.4826,0.0,0.0,0.0,0.0,0.0,106.8979,0.4595,0.462825,0.47165,0.47905,196.6883,0.0,0.0,0.0,0.0,175.2056,-172.0939,0.010525,0.01085,0.0113,0.0116,0.0,0.0,0.0,0.0,0.0,0.0413,0.042550000000000004,0.043,0.044175,1901.346,0.0,0.0,0.0,0.0,60.376
2046,0.0,0.0,0.0,0.0,330.2067,0.0,0.0,0.0,0.0,835.0163,-0.0,0.0231,0.0232,0.0233,0.0234,0.0,0.0,0.0,0.0,0.0,0.0,0.0,0.5226,0.523,0.525075,0.5271,0.0,0.0,0.0,0.0,0.0,-0.0,0.002,0.002,0.002,0.0021,0.0,0.0,0.0,0.0,0.0,0.0,0.0,0.0397,0.0398,0.039875,0.0404,0.0,0.0,0.0,0.0,0.0,-0.0,0.1819,0.1819,0.182175,0.1823,0.0,0.0,0.0,0.0,0.0,0.0,0.0,0.6462,0.6463,0.6465,0.6467,0.0,0.0,0.0,0.0,0.0,0.0007,0.0007,0.0007,0.0007,233.0546,0.0,0.0,0.0,0.0,0.0,106.8899,0.4603,0.46352499999999996,0.47235000000000005,0.47975,254.5504,0.0,0.0,0.0,0.0,175.1926,-230.8187,0.0095,0.0096,0.0099,0.01,0.0,0.0,0.0,0.0,0.0,0.0513,0.052225,0.053,0.0537,1644.5259,0.0,0.0,0.0,0.0,26.0015
2047,0.0,0.0,0.0,0.0,353.0945,0.0,0.0,0.0,0.0,879.2366,0.0,0.0005,0.0006,0.0006,0.0006,0.0,0.0,0.0,0.0,0.0,0.0,0.0,0.5231250000000001,0.5235,0.5256749999999999,0.5277,0.0,0.0,0.0,0.0,0.0,0.0017,0.0018,0.0018,0.0018,1.37,0.0,0.0,0.0,0.0,0.0,0.0,0.041,0.0415,0.0416,0.0417,1.37,0.0,0.0,0.0,0.0,0.0,0.1667,0.1667,0.1668,0.1668,1.37,0.0,0.0,0.0,0.0,0.0,0.0,0.8118,0.8129249999999999,0.81315,0.813375,1.37,0.0,0.0,0.0,0.0,0.0,0.0006,0.0006,0.0006,0.0006,241.9181,0.0,0.0,0.0,0.0,0.0,106.8816,0.4609,0.464125,0.47295,0.48035000000000005,321.2895,0.0,0.0,0.0,0.0,175.179,-242.8846,0.0079,0.0081,0.0081,0.0082,0.0,0.0,0.0,0.0,0.0,0.0594,0.060325,0.0611,0.061674999999999994,1401.6413,0.0,0.0,0.0,0.0,0.0
2048,0.0,0.0,0.0,0.0,377.9863,0.0,0.0,0.0,0.0,926.5266,0.0005,0.0005,0.0005,0.0005,1.9059,0.0,0.0,0.0,0.0,0.0,0.0,0.5169,0.52375,0.5241,0.52635,1.9059,0.0,0.0,0.0,0.0,0.0,0.0018,0.0019,0.0019,0.0019,3.4647,0.0,0.0,0.0,0.0,0.0,0.0,0.043,0.0434,0.0435,0.043575,4.8348,0.0,0.0,0.0,0.0,0.0,0.1544,0.1545,0.1545,0.1545,3.4648,0.0,0.0,0.0,0.0,0.0,0.0,0.9662,0.9674,0.96765,0.9678749999999999,4.8349,0.0,0.0,0.0,0.0,0.0,0.0005,0.0005,0.0006,0.0006,203.6534,0.0,0.0,0.0,0.0,0.0,106.7958,0.4615,0.464725,0.47355,0.48085,349.9046,0.0,0.0,0.0,0.0,175.0383,-210.5899,0.0064,0.0065,0.0066,0.0068,0.0,0.0,0.0,0.0,0.0,0.066,0.0669,0.0676,0.068075,1191.0514,0.0,0.0,0.0,0.0,0.0
2049,0.0,0.0,0.0,0.0,404.7478,0.0,0.0,0.0,0.0,975.5326,0.0005,0.0005,0.0005,0.0005,5.7771,0.0,0.0,0.0,0.0,0.0,0.0,0.5174,0.52425,0.5246,0.52685,7.6831,0.0,0.0,0.0,0.0,0.0,0.0019,0.0019,0.0019,0.002,5.3662,0.0,0.0,0.0,0.0,0.0,0.0,0.045,0.0454,0.0454,0.0455,10.201,0.0,0.0,0.0,0.0,0.0,0.1434,0.1434,0.1434,0.1434,5.3661,0.0,0.0,0.0,0.0,0.0,0.0,1.1096,1.110725,1.111,1.1112,10.201,0.0,0.0,0.0,0.0,0.0,0.0005,0.0005,0.0005,0.0005,97.9891,0.0,0.0,0.0,0.0,0.0,106.9599,0.4621,0.465325,0.47404999999999997,0.48135,272.5865,0.0,0.0,0.0,0.0,175.3072,-112.4653,0.0056,0.0056,0.005675,0.0058,0.0,0.0,0.0,0.0,0.0,0.0717,0.0726,0.0732,0.073675,1078.5862,0.0,0.0,0.0,0.0,0.0
2050,0.0,0.0,0.0,0.0,433.4039,0.0,0.0,0.0,0.0,1028.3821,0.0005,0.0005,0.0005,0.0005,6.9414,0.0,0.0,0.0,0.0,0.0,0.0,0.5179,0.52475,0.525,0.52735,14.6245,0.0,0.0,0.0,0.0,0.0,0.0019,0.002,0.002,0.002,7.6503,0.0,0.0,0.0,0.0,0.0,0.0,0.0471,0.0473,0.0474,0.047475,17.8513,0.0,0.0,0.0,0.0,0.0,0.1328,0.1328,0.1328,0.1328,7.6512,0.0,0.0,0.0,0.0,0.0,0.0,1.2424,1.243525,1.2438,1.244,17.8522,0.0,0.0,0.0,0.0,0.0,0.0004,0.0005,0.0005,0.0005,88.4595,0.0,0.0,0.0,0.0,0.0,106.8988,0.4626,0.46582500000000004,0.47455,0.48185,185.8389,0.0,0.0,0.0,0.0,175.2071,-108.5253,0.0048,0.0048,0.004875,0.0049,0.0,0.0,0.0,0.0,0.0,0.0766,0.077475,0.0779,0.0784,970.0609,0.0,0.0,0.0,0.0,0.0
2051,0.0,0.0,0.0,0.0,464.0891,0.0,0.0,0.0,0.0,1084.6719,0.0004,0.0004,0.0004,0.0004,3.5794,0.0,0.0,0.0,0.0,0.0,0.0,0.5184,0.52515,0.5255,0.52775,18.2039,0.0,0.0,0.0,0.0,0.0,0.0019,0.001925,0.002,0.002,9.3191,0.0,0.0,0.0,0.0,0.0,0.0,0.0491,0.0493,0.0493,0.0494,27.1704,0.0,0.0,0.0,0.0,0.0,0.1222,0.1222,0.1222,0.1222,9.3182,0.0,0.0,0.0,0.0,0.0,0.0,1.3646,1.3657249999999999,1.366,1.3662,27.1704,0.0,0.0,0.0,0.0,0.0,0.0004,0.0004,0.0005,0.0005,102.2151,0.0,0.0,0.0,0.0,0.0,106.8618,0.4631,0.46630000000000005,0.475,0.48225000000000007,112.9076,0.0,0.0,0.0,0.0,175.1465,-122.1008,0.0045,0.0045,0.004575,0.0047,0.0,0.0,0.0,0.0,0.0,0.0812,0.08205,0.0824,0.0829,847.9601,0.0,0.0,0.0,0.0,0.0
2052,0.0,0.0,0.0,0.0,496.9467,0.0,0.0,0.0,0.0,1144.5041,0.0004,0.0004,0.0004,0.0004,4.2398,0.0,0.0,0.0,0.0,0.0,0.0,0.5188,0.52555,0.5259,0.52815,22.4437,0.0,0.0,0.0,0.0,0.0,-1.7466,0.0019,0.0019,0.0019,0.002,0.0,0.0,0.0,0.0,0.0,0.0,0.0511,0.0512,0.0513,0.0513,25.4238,0.0,0.0,0.0,0.0,0.0,-1.7466,0.1113,0.1113,0.1113,0.1113,0.0,0.0,0.0,0.0,0.0,0.0,1.4759,1.477025,1.4772500000000002,1.4775,25.4238,0.0,0.0,0.0,0.0,0.0,0.0004,0.0004,0.0004,0.0004,136.7985,0.0,0.0,0.0,0.0,0.0,106.8811,0.4635,0.46672500000000006,0.47545000000000004,0.48265,74.5279,0.0,0.0,0.0,0.0,175.1782,-135.0492,0.0042,0.0043,0.0043,0.0044,0.0,0.0,0.0,0.0,0.0,0.0856,0.08635000000000001,0.0867,0.087175,712.9109,0.0,0.0,0.0,0.0,0.0
2053,0.0,0.0,0.0,0.0,532.1309,0.0,0.0,0.0,0.0,1209.0177,-2.7787,0.0003,0.0003,0.0003,0.0004,0.0,0.0,0.0,0.0,0.0,0.0,0.5191,0.5258750000000001,0.5262,0.52845,19.665,0.0,0.0,0.0,0.0,0.0,-6.6286,0.0018,0.0018,0.0018,0.0019,0.0,0.0,0.0,0.0,0.0,0.0,0.053,0.0531,0.0531,0.0531,18.7953,0.0,0.0,0.0,0.0,0.0,-6.6286,0.0997,0.0997,0.0997,0.0997,0.0,0.0,0.0,0.0,0.0,0.0,1.5757,1.5767250000000002,1.577,1.5772,18.7952,0.0,0.0,0.0,0.0,0.0,0.0003,0.0004,0.0004,0.0004,154.4565,0.0,0.0,0.0,0.0,0.0,106.9528,0.4639,0.467125,0.4758,0.48305,53.6889,0.0,0.0,0.0,0.0,175.2956,-135.7482,0.0039,0.0039,0.003975,0.004,0.0,0.0,0.0,0.0,0.0,0.0896,0.09025,0.0906,0.09107499999999999,577.1626,0.0,0.0,0.0,0.0,0.0
2054,0.0,0.0,0.0,0.0,569.8061,0.0,0.0,0.0,0.0,1278.5948,-5.1189,0.0003,0.0003,0.0003,0.0003,0.0,0.0,0.0,0.0,0.0,0.0,0.5194,0.52615,0.5265,0.52875,14.5461,0.0,0.0,0.0,0.0,0.0,-4.8848,0.0016250000000000001,0.0017,0.0017,0.0017,0.0,0.0,0.0,0.0,0.0,0.0,0.0547,0.0547,0.0547,0.0547,13.9105,0.0,0.0,0.0,0.0,0.0,-4.8847,0.0872,0.0873,0.0873,0.0873,0.0,0.0,0.0,0.0,0.0,0.0,1.6629,1.664025,1.66425,1.6645,13.9105,0.0,0.0,0.0,0.0,0.0,0.0003,0.0003,0.0003,0.0003,158.0668,0.0,0.0,0.0,0.0,0.0,107.0063,0.4643,0.467425,0.47614999999999996,0.48335,36.3724,0.0,0.0,0.0,0.0,175.3833,-140.3169,0.0035,0.0035,0.0035,0.0036,0.0,0.0,0.0,0.0,0.0,0.0931,0.09382499999999999,0.0941,0.09457499999999999,436.8457,0.0,0.0,0.0,0.0,0.0
2055,0.0,0.0,0.0,0.0,610.1488,0.0,0.0,0.0,0.0,1353.366,-4.2021,0.0002,0.0002,0.0002,0.0002,0.0,0.0,0.0,0.0,0.0,0.0,0.5197,0.52635,0.5267,0.52895,10.344,0.0,0.0,0.0,0.0,0.0,-5.046,0.0014,0.0015,0.0015,0.0015,0.0,0.0,0.0,0.0,0.0,0.0,0.0561,0.0562,0.0562,0.0562,8.8645,0.0,0.0,0.0,0.0,0.0,-5.046,0.0736,0.0736,0.0736,0.0736,0.0,0.0,0.0,0.0,0.0,0.0,1.7365,1.7376,1.73785,1.7380749999999998,8.8645,0.0,0.0,0.0,0.0,0.0,0.0002,0.0003,0.0003,0.0003,161.1697,0.0,0.0,0.0,0.0,0.0,107.0112,0.4646,0.467725,0.47640000000000005,0.48364999999999997,22.1508,0.0,0.0,0.0,0.0,175.3914,-143.8119,0.003,0.003,0.003,0.003,0.0,0.0,0.0,0.0,0.0,0.0962,0.096825,0.0971,0.097575,293.0337,0.0,0.0,0.0,0.0,0.0
2056,0.0,0.0,0.0,0.0,653.348,0.0,0.0,0.0,0.0,1432.7472,-5.2822,0.0001,0.0001,0.0001,0.0001,0.0,0.0,0.0,0.0,0.0,0.0,0.5198,0.52655,0.5268,0.52905,5.0618,0.0,0.0,0.0,0.0,0.0,-4.5678,0.0012,0.0012,0.0012,0.0012,0.0,0.0,0.0,0.0,0.0,0.0,0.0573,0.057325,0.0574,0.0574,4.2967,0.0,0.0,0.0,0.0,0.0,-4.5678,0.0583,0.0583,0.0583,0.0583,0.0,0.0,0.0,0.0,0.0,0.0,1.7948,1.7959250000000002,1.79615,1.7963749999999998,4.2967,0.0,0.0,0.0,0.0,0.0,0.0002,0.0002,0.0002,0.0002,163.6256,0.0,0.0,0.0,0.0,0.0,106.908,0.4648,0.46799999999999997,0.4766,0.48385,10.5541,0.0,0.0,0.0,0.0,175.2223,-145.9274,0.0024,0.0024,0.0024,0.0024,0.0,0.0,0.0,0.0,0.0,0.0986,0.099225,0.0995,0.09997500000000001,147.1064,0.0,0.0,0.0,0.0,0.0
2057,0.0,0.0,0.0,0.0,699.6058,0.0,0.0,0.0,0.0,1516.0261,-5.0618,0.0001,0.0001,0.0001,0.0001,0.0,0.0,0.0,0.0,0.0,0.0,0.0,0.5265249999999999,0.5269,0.5289750000000001,0.531,0.0,0.0,0.0,0.0,0.0,-4.2967,0.000825,0.0009,0.0009,0.0009,0.0,0.0,0.0,0.0,0.0,0.0,0.0,0.0582,0.0582,0.0582,0.0584,0.0,0.0,0.0,0.0,0.0,-4.2967,0.0413,0.0413,0.0413,0.0413,0.0,0.0,0.0,0.0,0.0,0.0,0.0,1.8372,1.8374,1.8376,1.8377,0.0,0.0,0.0,0.0,0.0,0.0001,0.0001,0.0002,0.0002,164.2741,0.0,0.0,0.0,0.0,0.0,106.6676,0.0,0.467825,0.475,0.4823,0.492,0.0,0.0,0.0,0.0,174.8282,-147.1064,0.0017,0.0017,0.0017,0.0017,0.0,0.0,0.0,0.0,0.0,0.0,0.1009,0.1012,0.1016,0.102,0.0,0.0,0.0,0.0,0.0
2058,0.0,0.0,0.0,0.0,559.4281,0.0,0.0,0.0,0.0,147366.812,-0.0,2.5e-5,0.0001,0.0001,0.0001,0.0,0.0,0.0,0.0,0.0,0.0,0.0,0.5266,0.52695,0.52905,0.531,0.0,0.0,0.0,0.0,0.0,-0.0,0.0005,0.0005,0.0005,0.0005,0.0,0.0,0.0,0.0,0.0,0.0,0.0,0.058625000000000003,0.0587,0.0587,0.0588,0.0,0.0,0.0,0.0,0.0,-0.0,0.022,0.022,0.022,0.022,0.0,0.0,0.0,0.0,0.0,0.0,0.0,1.8591250000000001,1.8593,1.8596,1.8597,0.0,0.0,0.0,0.0,0.0,0.0,0.0001,0.0001,0.0001,0.0001,0.0,0.0,0.0,0.0,0.0,0.0,0.0,0.467925,0.4751,0.48240000000000005,0.4921,0.0,0.0,0.0,0.0,0.0,0.0,0.0009,0.0009,0.0009,0.0009,0.0,0.0,0.0,0.0,0.0,0.0,0.1018,0.1021,0.1025,0.1029,0.0,0.0,0.0,0.0,0.0
