Y,λ_ets_min,λ_ets_Q1,λ_ets_mean,λ_ets_Q3,λ_ets_max,λ_product_min,λ_product_Q1,λ_product_mean,λ_product_Q3,λ_product_max,BF-BOF_b_min,BF-BOF_b_Q1,BF-BOF_b_mean,BF-BOF_b_Q3,BF-BOF_b_max,BF-BOF_cap,BF-BOF_g_min,BF-BOF_g_Q1,BF-BOF_g_mean,BF-BOF_g_Q3,BF-BOF_g_max,BF-BOF_bank_min,BF-BOF_bank_Q1,BF-BOF_bank_mean,BF-BOF_bank_Q3,BF-BOF_bank_max,BF-BOF_netto_emiss_min,BF-BOF_netto_emiss_Q1,BF-BOF_netto_emiss_mean,BF-BOF_netto_emiss_Q3,BF-BOF_netto_emiss_max,BF-BOF-CC_b_min,BF-BOF-CC_b_Q1,BF-BOF-CC_b_mean,BF-BOF-CC_b_Q3,BF-BOF-CC_b_max,BF-BOF-CC_cap,BF-BOF-CC_g_min,BF-BOF-CC_g_Q1,BF-BOF-CC_g_mean,BF-BOF-CC_g_Q3,BF-BOF-CC_g_max,BF-BOF-CC_bank_min,BF-BOF-CC_bank_Q1,BF-BOF-CC_bank_mean,BF-BOF-CC_bank_Q3,BF-BOF-CC_bank_max,BF-BOF-CC_netto_emiss_min,BF-BOF-CC_netto_emiss_Q1,BF-BOF-CC_netto_emiss_mean,BF-BOF-CC_netto_emiss_Q3,BF-BOF-CC_netto_emiss_max,HDRI-EAF_b_min,HDRI-EAF_b_Q1,HDRI-EAF_b_mean,HDRI-EAF_b_Q3,HDRI-EAF_b_max,HDRI-EAF_cap,HDRI-EAF_g_min,HDRI-EAF_g_Q1,HDRI-EAF_g_mean,HDRI-EAF_g_Q3,HDRI-EAF_g_max,HDRI-EAF_bank_min,HDRI-EAF_bank_Q1,HDRI-EAF_bank_mean,HDRI-EAF_bank_Q3,HDRI-EAF_bank_max,HDRI-EAF_netto_emiss_min,HDRI-EAF_netto_emiss_Q1,HDRI-EAF_netto_emiss_mean,HDRI-EAF_netto_emiss_Q3,HDRI-EAF_netto_emiss_max,trader_b_min,trader_b_Q1,trader_b_mean,trader_b_Q3,trader_b_max,trader_g_min,trader_g_Q1,trader_g_mean,trader_g_Q3,trader_g_max,trader_bank_min,trader_bank_Q1,trader_bank_mean,trader_bank_Q3,trader_bank_max,trader_netto_emiss_min,trader_netto_emiss_Q1,trader_netto_emiss_mean,trader_netto_emiss_Q3,trader_netto_emiss_max,BF-BlendNG-BOF_b_min,BF-BlendNG-BOF_b_Q1,BF-BlendNG-BOF_b_mean,BF-BlendNG-BOF_b_Q3,BF-BlendNG-BOF_b_max,BF-BlendNG-BOF_cap,BF-BlendNG-BOF_g_min,BF-BlendNG-BOF_g_Q1,BF-BlendNG-BOF_g_mean,BF-BlendNG-BOF_g_Q3,BF-BlendNG-BOF_g_max,BF-BlendNG-BOF_bank_min,BF-BlendNG-BOF_bank_Q1,BF-BlendNG-BOF_bank_mean,BF-BlendNG-BOF_bank_Q3,BF-BlendNG-BOF_bank_max,BF-BlendNG-BOF_netto_emiss_min,BF-BlendNG-BOF_netto_emiss_Q1,BF-BlendNG-BOF_netto_emiss_mean,BF-BlendNG-BOF_netto_emiss_Q3,BF-BlendNG-BOF_netto_emiss_max,NG-DRI-CC_b_min,NG-DRI-CC_b_Q1,NG-DRI-CC_b_mean,NG-DRI-CC_b_Q3,NG-DRI-CC_b_max,NG-DRI-CC_cap,NG-DRI-CC_g_min,NG-DRI-CC_g_Q1,NG-DRI-CC_g_mean,NG-DRI-CC_g_Q3,NG-DRI-CC_g_max,NG-DRI-CC_bank_min,NG-DRI-CC_bank_Q1,NG-DRI-CC_bank_mean,NG-DRI-CC_bank_Q3,NG-DRI-CC_bank_max,NG-DRI-CC_netto_emiss_min,NG-DRI-CC_netto_emiss_Q1,NG-DRI-CC_netto_emiss_mean,NG-DRI-CC_netto_emiss_Q3,NG-DRI-CC_netto_emiss_max,NGDRI-EAF_b_min,NGDRI-EAF_b_Q1,NGDRI-EAF_b_mean,NGDRI-EAF_b_Q3,NGDRI-EAF_b_max,NGDRI-EAF_cap,NGDRI-EAF_g_min,NGDRI-EAF_g_Q1,NGDRI-EAF_g_mean,NGDRI-EAF_g_Q3,NGDRI-EAF_g_max,NGDRI-EAF_bank_min,NGDRI-EAF_bank_Q1,NGDRI-EAF_bank_mean,NGDRI-EAF_bank_Q3,NGDRI-EAF_bank_max,NGDRI-EAF_netto_emiss_min,NGDRI-EAF_netto_emiss_Q1,NGDRI-EAF_netto_emiss_mean,NGDRI-EAF_netto_emiss_Q3,NGDRI-EAF_netto_emiss_max,fringe_b_min,fringe_b_Q1,fringe_b_mean,fringe_b_Q3,fringe_b_max,fringe_e_min,fringe_e_Q1,fringe_e_mean,fringe_e_Q3,fringe_e_max,fringe_g_min,fringe_g_Q1,fringe_g_mean,fringe_g_Q3,fringe_g_max,fringe_π_MAC_min,fringe_π_MAC_Q1,fringe_π_MAC_mean,fringe_π_MAC_Q3,fringe_π_MAC_max,fringe_bank_min,fringe_bank_Q1,fringe_bank_mean,fringe_bank_Q3,fringe_bank_max,fringe_netto_emiss_min,fringe_netto_emiss_Q1,fringe_netto_emiss_mean,fringe_netto_emiss_Q3,fringe_netto_emiss_max
2024,86.3528,86.3528,86.3528,86.3528,86.3528,410.2283,410.2283,410.2283,410.2283,410.2283,181.9221,181.9221,181.9221,181.9221,181.9221,0.0,107.013,107.013,107.013,107.013,107.013,0.0,0.0,0.0,0.0,0.0,181.9221,181.9221,181.9221,181.9221,181.9221,0.0,0.0,0.0,0.0,0.0,0.0,0.0,0.0,0.0,0.0,0.0,0.0,0.0,0.0,0.0,0.0,0.0,0.0,0.0,0.0,0.0,0.0,0.0,0.0,0.0,0.0,0.0,0.0,0.0,0.0,0.0,0.0,0.0,0.0,0.0,0.0,0.0,0.0,0.0,0.0,0.0,0.0,-138.414,-138.414,-138.414,-138.414,-138.414,0.0,0.0,0.0,0.0,0.0,973.3225,973.3225,973.3225,973.3225,973.3225,0.0,0.0,0.0,0.0,0.0,0.0,0.0,0.0,0.0,0.0,0.0,0.0,0.0,0.0,0.0,0.0,0.0,0.0,0.0,0.0,0.0,0.0,0.0,0.0,0.0,0.0,0.0,0.0,0.0,0.0,0.0,0.0,0.0,0.0,0.0,0.0,0.0,0.0,0.0,0.0,0.0,0.0,0.0,0.0,0.0,0.0,0.0,0.0,0.0,0.0,0.0,0.0,0.0,0.0,0.0,0.0,0.0,0.0,0.0,0.0,0.0,0.0,0.0,0.0,0.0,0.0,0.0,0.0,1342.48,1342.48,1342.48,1342.48,1342.48,1342.48,1342.48,1342.48,1342.48,1342.48,0.0,0.0,0.0,0.0,0.0,17698.35,17698.35,17698.35,17698.35,17698.35,0.0,0.0,0.0,0.0,0.0,1342.48,1342.48,1342.48,1342.48,1342.48
2025,92.8399,92.8399,92.8399,92.8399,92.8399,426.5219,426.5219,426.5219,426.5219,426.5219,181.8875,181.8875,181.8875,181.8875,181.8875,0.0,106.9927,106.9927,106.9927,106.9927,106.9927,0.0,0.0,0.0,0.0,0.0,181.8875,181.8875,181.8875,181.8875,181.8875,0.0,0.0,0.0,0.0,0.0,0.0,0.0,0.0,0.0,0.0,0.0,0.0,0.0,0.0,0.0,0.0,0.0,0.0,0.0,0.0,0.0,0.0,0.0,0.0,0.0,0.0,0.0,0.0,0.0,0.0,0.0,0.0,0.0,0.0,0.0,0.0,0.0,0.0,0.0,0.0,0.0,0.0,167.1973,167.1973,167.1973,167.1973,167.1973,0.0,0.0,0.0,0.0,0.0,1140.5198,1140.5198,1140.5198,1140.5198,1140.5198,0.0,0.0,0.0,0.0,0.0,0.0,0.0,0.0,0.0,0.0,0.0,0.0,0.0,0.0,0.0,0.0,0.0,0.0,0.0,0.0,0.0,0.0,0.0,0.0,0.0,0.0,0.0,0.0,0.0,0.0,0.0,0.0,0.0,0.0,0.0,0.0,0.0,0.0,0.0,0.0,0.0,0.0,0.0,0.0,0.0,0.0,0.0,0.0,0.0,0.0,0.0,0.0,0.0,0.0,0.0,0.0,0.0,0.0,0.0,0.0,0.0,0.0,0.0,0.0,0.0,0.0,0.0,0.0,1310.7513,1310.7513,1310.7513,1310.7513,1310.7513,1310.7513,1310.7513,1310.7513,1310.7513,1310.7513,0.0,0.0,0.0,0.0,0.0,19026.5125,19026.5125,19026.5125,19026.5125,19026.5125,0.0,0.0,0.0,0.0,0.0,1310.7513,1310.7513,1310.7513,1310.7513,1310.7513
2026,100.3045,100.3045,100.3045,100.3045,100.3045,444.5863,444.5863,444.5863,444.5863,444.5863,181.8897,181.8897,181.8897,181.8897,181.8897,0.0,106.9939,106.9939,106.9939,106.9939,106.9939,0.0,0.0,0.0,0.0,0.0,181.8897,181.8897,181.8897,181.8897,181.8897,0.0,0.0,0.0,0.0,0.0,0.0,0.0,0.0,0.0,0.0,0.0,0.0,0.0,0.0,0.0,0.0,0.0,0.0,0.0,0.0,0.0,0.0,0.0,0.0,0.0,0.0,0.0,0.0,0.0,0.0,0.0,0.0,0.0,0.0,0.0,0.0,0.0,0.0,0.0,0.0,0.0,0.0,126.8605,126.8605,126.8605,126.8605,126.8605,0.0,0.0,0.0,0.0,0.0,1267.3804,1267.3804,1267.3804,1267.3804,1267.3804,0.0,0.0,0.0,0.0,0.0,0.0,0.0,0.0,0.0,0.0,0.0,0.0,0.0,0.0,0.0,0.0,0.0,0.0,0.0,0.0,0.0,0.0,0.0,0.0,0.0,0.0,0.0,0.0,0.0,0.0,0.0,0.0,0.0,0.0,0.0,0.0,0.0,0.0,0.0,0.0,0.0,0.0,0.0,0.0,0.0,0.0,0.0,0.0,0.0,0.0,0.0,0.0,0.0,0.0,0.0,0.0,0.0,0.0,0.0,0.0,0.0,0.0,0.0,0.0,0.0,0.0,0.0,0.0,1273.0027,1273.0027,1273.0027,1273.0027,1273.0027,1273.0027,1273.0027,1273.0027,1273.0027,1273.0027,0.0,0.0,0.0,0.0,0.0,20757.767,20757.767,20757.767,20757.767,20757.767,0.0,0.0,0.0,0.0,0.0,1273.0027,1273.0027,1273.0027,1273.0027,1273.0027
2027,108.3814,108.3814,108.3814,108.3814,108.3814,463.7997,463.7997,463.7997,463.7997,463.7997,181.8881,181.8881,181.8881,181.8881,181.8881,0.0,106.993,106.993,106.993,106.993,106.993,0.0,0.0,0.0,0.0,0.0,181.8881,181.8881,181.8881,181.8881,181.8881,0.0,0.0,0.0,0.0,0.0,0.0,0.0,0.0,0.0,0.0,0.0,0.0,0.0,0.0,0.0,0.0,0.0,0.0,0.0,0.0,0.0,0.0,0.0,0.0,0.0,0.0,0.0,0.0,0.0,0.0,0.0,0.0,0.0,0.0,0.0,0.0,0.0,0.0,0.0,0.0,0.0,0.0,89.5994,89.5994,89.5994,89.5994,89.5994,0.0,0.0,0.0,0.0,0.0,1356.9797,1356.9797,1356.9797,1356.9797,1356.9797,0.0,0.0,0.0,0.0,0.0,0.0,0.0,0.0,0.0,0.0,0.0,0.0,0.0,0.0,0.0,0.0,0.0,0.0,0.0,0.0,0.0,0.0,0.0,0.0,0.0,0.0,0.0,0.0,0.0,0.0,0.0,0.0,0.0,0.0,0.0,0.0,0.0,0.0,0.0,0.0,0.0,0.0,0.0,0.0,0.0,0.0,0.0,0.0,0.0,0.0,0.0,0.0,0.0,0.0,0.0,0.0,0.0,0.0,0.0,0.0,0.0,0.0,0.0,0.0,0.0,0.0,0.0,0.0,1232.1807,1232.1807,1232.1807,1232.1807,1232.1807,1232.1807,1232.1807,1232.1807,1232.1807,1232.1807,0.0,0.0,0.0,0.0,0.0,22649.5854,22649.5854,22649.5854,22649.5854,22649.5854,0.0,0.0,0.0,0.0,0.0,1232.1807,1232.1807,1232.1807,1232.1807,1232.1807
2028,117.1426,117.1426,117.1426,117.1426,117.1426,484.2859,484.2859,484.2859,484.2859,484.2859,181.8875,181.8875,181.8875,181.8875,181.8875,0.0,106.9926,106.9926,106.9926,106.9926,106.9926,0.0,0.0,0.0,0.0,0.0,181.8875,181.8875,181.8875,181.8875,181.8875,0.0,0.0,0.0,0.0,0.0,0.0,0.0,0.0,0.0,0.0,0.0,0.0,0.0,0.0,0.0,0.0,0.0,0.0,0.0,0.0,0.0,0.0,0.0,0.0,0.0,0.0,0.0,0.0,0.0,0.0,0.0,0.0,0.0,0.0,0.0,0.0,0.0,0.0,0.0,0.0,0.0,0.0,53.9829,53.9829,53.9829,53.9829,53.9829,0.0,0.0,0.0,0.0,0.0,1410.9626,1410.9626,1410.9626,1410.9626,1410.9626,0.0,0.0,0.0,0.0,0.0,0.0,0.0,0.0,0.0,0.0,0.0,0.0,0.0,0.0,0.0,0.0,0.0,0.0,0.0,0.0,0.0,0.0,0.0,0.0,0.0,0.0,0.0,0.0,0.0,0.0,0.0,0.0,0.0,0.0,0.0,0.0,0.0,0.0,0.0,0.0,0.0,0.0,0.0,0.0,0.0,0.0,0.0,0.0,0.0,0.0,0.0,0.0,0.0,0.0,0.0,0.0,0.0,0.0,0.0,0.0,0.0,0.0,0.0,0.0,0.0,0.0,0.0,0.0,1187.8967,1187.8967,1187.8967,1187.8967,1187.8967,1187.8967,1187.8967,1187.8967,1187.8967,1187.8967,0.0,0.0,0.0,0.0,0.0,24728.4439,24728.4439,24728.4439,24728.4439,24728.4439,0.0,0.0,0.0,0.0,0.0,1187.8967,1187.8967,1187.8967,1187.8967,1187.8967
2029,126.6327,126.6327,126.6327,126.6327,126.6327,506.123,506.123,506.123,506.123,506.123,181.8861,181.8861,181.8861,181.8861,181.8861,0.0,106.9918,106.9918,106.9918,106.9918,106.9918,0.0,0.0,0.0,0.0,0.0,181.8861,181.8861,181.8861,181.8861,181.8861,0.0,0.0,0.0,0.0,0.0,0.0,0.0,0.0,0.0,0.0,0.0,0.0,0.0,0.0,0.0,0.0,0.0,0.0,0.0,0.0,0.0,0.0,0.0,0.0,0.0,0.0,0.0,0.0,0.0,0.0,0.0,0.0,0.0,0.0,0.0,0.0,0.0,0.0,0.0,0.0,0.0,0.0,22.0475,22.0475,22.0475,22.0475,22.0475,0.0,0.0,0.0,0.0,0.0,1433.0101,1433.0101,1433.0101,1433.0101,1433.0101,0.0,0.0,0.0,0.0,0.0,0.0,0.0,0.0,0.0,0.0,0.0,0.0,0.0,0.0,0.0,0.0,0.0,0.0,0.0,0.0,0.0,0.0,0.0,0.0,0.0,0.0,0.0,0.0,0.0,0.0,0.0,0.0,0.0,0.0,0.0,0.0,0.0,0.0,0.0,0.0,0.0,0.0,0.0,0.0,0.0,0.0,0.0,0.0,0.0,0.0,0.0,0.0,0.0,0.0,0.0,0.0,0.0,0.0,0.0,0.0,0.0,0.0,0.0,0.0,0.0,0.0,0.0,0.0,1139.9319,1139.9319,1139.9319,1139.9319,1139.9319,1139.9319,1139.9319,1139.9319,1139.9319,1139.9319,0.0,0.0,0.0,0.0,0.0,27006.6288,27006.6288,27006.6288,27006.6288,27006.6288,0.0,0.0,0.0,0.0,0.0,1139.9319,1139.9319,1139.9319,1139.9319,1139.9319
2030,136.9747,136.9747,136.9747,136.9747,136.9747,529.5218,529.5218,529.5218,529.5218,529.5218,181.8842,181.8842,181.8842,181.8842,181.8842,0.0,106.9907,106.9907,106.9907,106.9907,106.9907,0.0,0.0,0.0,0.0,0.0,181.8842,181.8842,181.8842,181.8842,181.8842,0.0,0.0,0.0,0.0,0.0,0.0,0.0,0.0,0.0,0.0,0.0,0.0,0.0,0.0,0.0,0.0,0.0,0.0,0.0,0.0,0.0,0.0,0.0,0.0,0.0,0.0,0.0,0.0,0.0,0.0,0.0,0.0,0.0,0.0,0.0,0.0,0.0,0.0,0.0,0.0,0.0,0.0,-5.5861,-5.5861,-5.5861,-5.5861,-5.5861,0.0,0.0,0.0,0.0,0.0,1427.424,1427.424,1427.424,1427.424,1427.424,0.0,0.0,0.0,0.0,0.0,0.0,0.0,0.0,0.0,0.0,0.0,0.0,0.0,0.0,0.0,0.0,0.0,0.0,0.0,0.0,0.0,0.0,0.0,0.0,0.0,0.0,0.0,0.0,0.0,0.0,0.0,0.0,0.0,0.0,0.0,0.0,0.0,0.0,0.0,0.0,0.0,0.0,0.0,0.0,0.0,0.0,0.0,0.0,0.0,0.0,0.0,0.0,0.0,0.0,0.0,0.0,0.0,0.0,0.0,0.0,0.0,0.0,0.0,0.0,0.0,0.0,0.0,0.0,1087.6724,1087.6724,1087.6724,1087.6724,1087.6724,1087.6724,1087.6724,1087.6724,1087.6724,1087.6724,0.0,0.0,0.0,0.0,0.0,29529.5961,29529.5961,29529.5961,29529.5961,29529.5961,0.0,0.0,0.0,0.0,0.0,1087.6724,1087.6724,1087.6724,1087.6724,1087.6724
2031,148.3852,148.3852,148.3852,148.3852,148.3852,554.8549,554.8549,554.8549,554.8549,554.8549,181.8825,181.8825,181.8825,181.8825,181.8825,0.0,106.9897,106.9897,106.9897,106.9897,106.9897,0.0,0.0,0.0,0.0,0.0,181.8825,181.8825,181.8825,181.8825,181.8825,0.0,0.0,0.0,0.0,0.0,0.0,0.0,0.0,0.0,0.0,0.0,0.0,0.0,0.0,0.0,0.0,0.0,0.0,0.0,0.0,0.0,0.0,0.0,0.0,0.0,0.0,0.0,0.0,0.0,0.0,0.0,0.0,0.0,0.0,0.0,0.0,0.0,0.0,0.0,0.0,0.0,0.0,-209.7357,-209.7357,-209.7357,-209.7357,-209.7357,0.0,0.0,0.0,0.0,0.0,1217.6884,1217.6884,1217.6884,1217.6884,1217.6884,0.0,0.0,0.0,0.0,0.0,0.0,0.0,0.0,0.0,0.0,0.0,0.0,0.0,0.0,0.0,0.0,0.0,0.0,0.0,0.0,0.0,0.0,0.0,0.0,0.0,0.0,0.0,0.0,0.0,0.0,0.0,0.0,0.0,0.0,0.0,0.0,0.0,0.0,0.0,0.0,0.0,0.0,0.0,0.0,0.0,0.0,0.0,0.0,0.0,0.0,0.0,0.0,0.0,0.0,0.0,0.0,0.0,0.0,0.0,0.0,0.0,0.0,0.0,0.0,0.0,0.0,0.0,0.0,1030.0423,1030.0423,1030.0423,1030.0423,1030.0423,1030.0423,1030.0423,1030.0423,1030.0423,1030.0423,0.0,0.0,0.0,0.0,0.0,32383.5163,32383.5163,32383.5163,32383.5163,32383.5163,0.0,0.0,0.0,0.0,0.0,1030.0423,1030.0423,1030.0423,1030.0423,1030.0423
2032,157.792,157.792,157.792,157.792,157.792,576.7302,576.7302,576.7302,576.7302,576.7302,133.672,133.672,133.672,133.672,133.672,0.0,78.6306,78.6306,78.6306,78.6306,78.6306,0.0,0.0,0.0,0.0,0.0,133.672,133.672,133.672,133.672,133.672,14.4705,14.4705,14.4705,14.4705,14.4705,28.3734,28.3734,28.3734,28.3734,28.3734,28.3734,0.0,0.0,0.0,0.0,0.0,14.4705,14.4705,14.4705,14.4705,14.4705,0.0,0.0,0.0,0.0,0.0,0.0,0.0,0.0,0.0,0.0,0.0,0.0,0.0,0.0,0.0,0.0,0.0,0.0,0.0,0.0,0.0,-174.6053,-174.6053,-174.6053,-174.6053,-174.6053,0.0,0.0,0.0,0.0,0.0,1043.0831,1043.0831,1043.0831,1043.0831,1043.0831,0.0,0.0,0.0,0.0,0.0,0.0,0.0,0.0,0.0,0.0,0.0,0.0,0.0,0.0,0.0,0.0,0.0,0.0,0.0,0.0,0.0,0.0,0.0,0.0,0.0,0.0,0.0,0.0,0.0,0.0,0.0,0.0,0.0,0.0,0.0,0.0,0.0,0.0,0.0,0.0,0.0,0.0,0.0,0.0,0.0,0.0,0.0,0.0,0.0,0.0,0.0,0.0,0.0,0.0,0.0,0.0,0.0,0.0,0.0,0.0,0.0,0.0,0.0,0.0,0.0,0.0,0.0,0.0,982.4944,982.4944,982.4944,982.4944,982.4944,982.4944,982.4944,982.4944,982.4944,982.4944,0.0,0.0,0.0,0.0,0.0,34224.2664,34224.2664,34224.2664,34224.2664,34224.2664,0.0,0.0,0.0,0.0,0.0,982.4944,982.4944,982.4944,982.4944,982.4944
2033,162.1763,162.1763,162.1763,162.1763,162.1763,590.3652,590.3652,590.3652,590.3652,590.3652,2.4551,2.4551,2.4551,2.4551,2.4551,0.0,1.4441,1.4441,1.4441,1.4441,1.4441,0.0,0.0,0.0,0.0,0.0,2.4551,2.4551,2.4551,2.4551,2.4551,53.8358,53.8358,53.8358,53.8358,53.8358,77.1869,105.5603,105.5603,105.5603,105.5603,105.5603,0.0,0.0,0.0,0.0,0.0,53.8358,53.8358,53.8358,53.8358,53.8358,0.0,0.0,0.0,0.0,0.0,0.0,0.0,0.0,0.0,0.0,0.0,0.0,0.0,0.0,0.0,0.0,0.0,0.0,0.0,0.0,0.0,-48.6653,-48.6653,-48.6653,-48.6653,-48.6653,0.0,0.0,0.0,0.0,0.0,994.4178,994.4178,994.4178,994.4178,994.4178,0.0,0.0,0.0,0.0,0.0,0.0,0.0,0.0,0.0,0.0,0.0,0.0,0.0,0.0,0.0,0.0,0.0,0.0,0.0,0.0,0.0,0.0,0.0,0.0,0.0,0.0,0.0,0.0,0.0,0.0,0.0,0.0,0.0,0.0,0.0,0.0,0.0,0.0,0.0,0.0,0.0,0.0,0.0,0.0,0.0,0.0,0.0,0.0,0.0,0.0,0.0,0.0,0.0,0.0,0.0,0.0,0.0,0.0,0.0,0.0,0.0,0.0,0.0,0.0,0.0,0.0,0.0,0.0,960.3453,960.3453,960.3453,960.3453,960.3453,960.3453,960.3453,960.3453,960.3453,960.3453,0.0,0.0,0.0,0.0,0.0,33786.6235,33786.6235,33786.6235,33786.6235,33786.6235,0.0,0.0,0.0,0.0,0.0,960.3453,960.3453,960.3453,960.3453,960.3453
2034,174.0697,174.0697,174.0697,174.0697,174.0697,616.7082,616.7082,616.7082,616.7082,616.7082,0.0,0.0,0.0,0.0,0.0,0.0,0.0,0.0,0.0,0.0,0.0,0.0,0.0,0.0,0.0,0.0,0.0,0.0,0.0,0.0,0.0,54.5839,54.5839,54.5839,54.5839,54.5839,1.467,107.0273,107.0273,107.0273,107.0273,107.0273,0.0,0.0,0.0,0.0,0.0,54.5839,54.5839,54.5839,54.5839,54.5839,0.0,0.0,0.0,0.0,0.0,0.0,0.0,0.0,0.0,0.0,0.0,0.0,0.0,0.0,0.0,0.0,0.0,0.0,0.0,0.0,0.0,-65.0547,-65.0547,-65.0547,-65.0547,-65.0547,0.0,0.0,0.0,0.0,0.0,929.3631,929.3631,929.3631,929.3631,929.3631,0.0,0.0,0.0,0.0,0.0,0.0,0.0,0.0,0.0,0.0,0.0,0.0,0.0,0.0,0.0,0.0,0.0,0.0,0.0,0.0,0.0,0.0,0.0,0.0,0.0,0.0,0.0,0.0,0.0,0.0,0.0,0.0,0.0,0.0,0.0,0.0,0.0,0.0,0.0,0.0,0.0,0.0,0.0,0.0,0.0,0.0,0.0,0.0,0.0,0.0,0.0,0.0,0.0,0.0,0.0,0.0,0.0,0.0,0.0,0.0,0.0,0.0,0.0,0.0,0.0,0.0,0.0,0.0,900.2038,900.2038,900.2038,900.2038,900.2038,900.2038,900.2038,900.2038,900.2038,900.2038,0.0,0.0,0.0,0.0,0.0,36380.0449,36380.0449,36380.0449,36380.0449,36380.0449,0.0,0.0,0.0,0.0,0.0,900.2038,900.2038,900.2038,900.2038,900.2038
2035,187.0313,187.0313,187.0313,187.0313,187.0313,642.3097,642.3097,642.3097,642.3097,642.3097,0.0,0.0,0.0,0.0,0.0,0.0,0.0,0.0,0.0,0.0,0.0,0.0,0.0,0.0,0.0,0.0,0.0,0.0,0.0,0.0,0.0,54.5839,54.5839,54.5839,54.5839,54.5839,0.0,107.0273,107.0273,107.0273,107.0273,107.0273,0.0,0.0,0.0,0.0,0.0,54.5839,54.5839,54.5839,54.5839,54.5839,0.0,0.0,0.0,0.0,0.0,0.0,0.0,0.0,0.0,0.0,0.0,0.0,0.0,0.0,0.0,0.0,0.0,0.0,0.0,0.0,0.0,-79.4227,-79.4227,-79.4227,-79.4227,-79.4227,0.0,0.0,0.0,0.0,0.0,849.9405,849.9405,849.9405,849.9405,849.9405,0.0,0.0,0.0,0.0,0.0,0.0,0.0,0.0,0.0,0.0,0.0,0.0,0.0,0.0,0.0,0.0,0.0,0.0,0.0,0.0,0.0,0.0,0.0,0.0,0.0,0.0,0.0,0.0,0.0,0.0,0.0,0.0,0.0,0.0,0.0,0.0,0.0,0.0,0.0,0.0,0.0,0.0,0.0,0.0,0.0,0.0,0.0,0.0,0.0,0.0,0.0,0.0,0.0,0.0,0.0,0.0,0.0,0.0,0.0,0.0,0.0,0.0,0.0,0.0,0.0,0.0,0.0,0.0,834.6728,834.6728,834.6728,834.6728,834.6728,834.6728,834.6728,834.6728,834.6728,834.6728,0.0,0.0,0.0,0.0,0.0,39253.6117,39253.6117,39253.6117,39253.6117,39253.6117,0.0,0.0,0.0,0.0,0.0,834.6728,834.6728,834.6728,834.6728,834.6728
2036,201.0222,201.0222,201.0222,201.0222,201.0222,669.0776,669.0776,669.0776,669.0776,669.0776,0.0,0.0,0.0,0.0,0.0,0.0,0.0,0.0,0.0,0.0,0.0,0.0,0.0,0.0,0.0,0.0,0.0,0.0,0.0,0.0,0.0,54.5839,54.5839,54.5839,54.5839,54.5839,0.0,107.0273,107.0273,107.0273,107.0273,107.0273,0.0,0.0,0.0,0.0,0.0,54.5839,54.5839,54.5839,54.5839,54.5839,0.0,0.0,0.0,0.0,0.0,0.0,0.0,0.0,0.0,0.0,0.0,0.0,0.0,0.0,0.0,0.0,0.0,0.0,0.0,0.0,0.0,-88.6031,-88.6031,-88.6031,-88.6031,-88.6031,0.0,0.0,0.0,0.0,0.0,761.3373,761.3373,761.3373,761.3373,761.3373,0.0,0.0,0.0,0.0,0.0,0.0,0.0,0.0,0.0,0.0,0.0,0.0,0.0,0.0,0.0,0.0,0.0,0.0,0.0,0.0,0.0,0.0,0.0,0.0,0.0,0.0,0.0,0.0,0.0,0.0,0.0,0.0,0.0,0.0,0.0,0.0,0.0,0.0,0.0,0.0,0.0,0.0,0.0,0.0,0.0,0.0,0.0,0.0,0.0,0.0,0.0,0.0,0.0,0.0,0.0,0.0,0.0,0.0,0.0,0.0,0.0,0.0,0.0,0.0,0.0,0.0,0.0,0.0,763.9487,763.9487,763.9487,763.9487,763.9487,763.9487,763.9487,763.9487,763.9487,763.9487,0.0,0.0,0.0,0.0,0.0,42380.1846,42380.1846,42380.1846,42380.1846,42380.1846,0.0,0.0,0.0,0.0,0.0,763.9487,763.9487,763.9487,763.9487,763.9487
2037,216.1385,216.1385,216.1385,216.1385,216.1385,697.5522,697.5522,697.5522,697.5522,697.5522,0.0,0.0,0.0,0.0,0.0,0.0,0.0,0.0,0.0,0.0,0.0,0.0,0.0,0.0,0.0,0.0,0.0,0.0,0.0,0.0,0.0,54.5839,54.5839,54.5839,54.5839,54.5839,0.0,107.0273,107.0273,107.0273,107.0273,107.0273,0.0,0.0,0.0,0.0,0.0,54.5839,54.5839,54.5839,54.5839,54.5839,0.0,0.0,0.0,0.0,0.0,0.0,0.0,0.0,0.0,0.0,0.0,0.0,0.0,0.0,0.0,0.0,0.0,0.0,0.0,0.0,0.0,-92.0736,-92.0736,-92.0736,-92.0736,-92.0736,0.0,0.0,0.0,0.0,0.0,669.2637,669.2637,669.2637,669.2637,669.2637,0.0,0.0,0.0,0.0,0.0,0.0,0.0,0.0,0.0,0.0,0.0,0.0,0.0,0.0,0.0,0.0,0.0,0.0,0.0,0.0,0.0,0.0,0.0,0.0,0.0,0.0,0.0,0.0,0.0,0.0,0.0,0.0,0.0,0.0,0.0,0.0,0.0,0.0,0.0,0.0,0.0,0.0,0.0,0.0,0.0,0.0,0.0,0.0,0.0,0.0,0.0,0.0,0.0,0.0,0.0,0.0,0.0,0.0,0.0,0.0,0.0,0.0,0.0,0.0,0.0,0.0,0.0,0.0,687.5141,687.5141,687.5141,687.5141,687.5141,687.5141,687.5141,687.5141,687.5141,687.5141,0.0,0.0,0.0,0.0,0.0,45790.9261,45790.9261,45790.9261,45790.9261,45790.9261,0.0,0.0,0.0,0.0,0.0,687.5141,687.5141,687.5141,687.5141,687.5141
2038,232.4913,232.4913,232.4913,232.4913,232.4913,727.8798,727.8798,727.8798,727.8798,727.8798,0.0,0.0,0.0,0.0,0.0,0.0,0.0,0.0,0.0,0.0,0.0,0.0,0.0,0.0,0.0,0.0,0.0,0.0,0.0,0.0,0.0,54.5839,54.5839,54.5839,54.5839,54.5839,0.0,107.0273,107.0273,107.0273,107.0273,107.0273,0.0,0.0,0.0,0.0,0.0,54.5839,54.5839,54.5839,54.5839,54.5839,0.0,0.0,0.0,0.0,0.0,0.0,0.0,0.0,0.0,0.0,0.0,0.0,0.0,0.0,0.0,0.0,0.0,0.0,0.0,0.0,0.0,-89.0462,-89.0462,-89.0462,-89.0462,-89.0462,0.0,0.0,0.0,0.0,0.0,580.2175,580.2175,580.2175,580.2175,580.2175,0.0,0.0,0.0,0.0,0.0,0.0,0.0,0.0,0.0,0.0,0.0,0.0,0.0,0.0,0.0,0.0,0.0,0.0,0.0,0.0,0.0,0.0,0.0,0.0,0.0,0.0,0.0,0.0,0.0,0.0,0.0,0.0,0.0,0.0,0.0,0.0,0.0,0.0,0.0,0.0,0.0,0.0,0.0,0.0,0.0,0.0,0.0,0.0,0.0,0.0,0.0,0.0,0.0,0.0,0.0,0.0,0.0,0.0,0.0,0.0,0.0,0.0,0.0,0.0,0.0,0.0,0.0,0.0,604.5804,604.5804,604.5804,604.5804,604.5804,604.5804,604.5804,604.5804,604.5804,604.5804,0.0,0.0,0.0,0.0,0.0,49539.2951,49539.2951,49539.2951,49539.2951,49539.2951,0.0,0.0,0.0,0.0,0.0,604.5804,604.5804,604.5804,604.5804,604.5804
2039,250.279,250.279,250.279,250.279,250.279,760.1389,760.1389,760.1389,760.1389,760.1389,0.0,0.0,0.0,0.0,0.0,0.0,0.0,0.0,0.0,0.0,0.0,0.0,0.0,0.0,0.0,0.0,0.0,0.0,0.0,0.0,0.0,54.5839,54.5839,54.5839,54.5839,54.5839,0.0,107.0273,107.0273,107.0273,107.0273,107.0273,0.0,0.0,0.0,0.0,0.0,54.5839,54.5839,54.5839,54.5839,54.5839,0.0,0.0,0.0,0.0,0.0,0.0,0.0,0.0,0.0,0.0,0.0,0.0,0.0,0.0,0.0,0.0,0.0,0.0,0.0,0.0,0.0,-78.9435,-78.9435,-78.9435,-78.9435,-78.9435,0.0,0.0,0.0,0.0,0.0,501.274,501.274,501.274,501.274,501.274,0.0,0.0,0.0,0.0,0.0,0.0,0.0,0.0,0.0,0.0,0.0,0.0,0.0,0.0,0.0,0.0,0.0,0.0,0.0,0.0,0.0,0.0,0.0,0.0,0.0,0.0,0.0,0.0,0.0,0.0,0.0,0.0,0.0,0.0,0.0,0.0,0.0,0.0,0.0,0.0,0.0,0.0,0.0,0.0,0.0,0.0,0.0,0.0,0.0,0.0,0.0,0.0,0.0,0.0,0.0,0.0,0.0,0.0,0.0,0.0,0.0,0.0,0.0,0.0,0.0,0.0,0.0,0.0,514.5716,514.5716,514.5716,514.5716,514.5716,514.5716,514.5716,514.5716,514.5716,514.5716,0.0,0.0,0.0,0.0,0.0,53660.5796,53660.5796,53660.5796,53660.5796,53660.5796,0.0,0.0,0.0,0.0,0.0,514.5716,514.5716,514.5716,514.5716,514.5716
2040,270.087,270.087,270.087,270.087,270.087,794.4567,794.4567,794.4567,794.4567,794.4567,0.0,0.0,0.0,0.0,0.0,0.0,0.0,0.0,0.0,0.0,0.0,0.0,0.0,0.0,0.0,0.0,0.0,0.0,0.0,0.0,0.0,54.5839,54.5839,54.5839,54.5839,54.5839,0.0,107.0273,107.0273,107.0273,107.0273,107.0273,0.0,0.0,0.0,0.0,0.0,54.5839,54.5839,54.5839,54.5839,54.5839,0.0,0.0,0.0,0.0,0.0,0.0,0.0,0.0,0.0,0.0,0.0,0.0,0.0,0.0,0.0,0.0,0.0,0.0,0.0,0.0,0.0,-58.6452,-58.6452,-58.6452,-58.6452,-58.6452,0.0,0.0,0.0,0.0,0.0,442.6288,442.6288,442.6288,442.6288,442.6288,0.0,0.0,0.0,0.0,0.0,0.0,0.0,0.0,0.0,0.0,0.0,0.0,0.0,0.0,0.0,0.0,0.0,0.0,0.0,0.0,0.0,0.0,0.0,0.0,0.0,0.0,0.0,0.0,0.0,0.0,0.0,0.0,0.0,0.0,0.0,0.0,0.0,0.0,0.0,0.0,0.0,0.0,0.0,0.0,0.0,0.0,0.0,0.0,0.0,0.0,0.0,0.0,0.0,0.0,0.0,0.0,0.0,0.0,0.0,0.0,0.0,0.0,0.0,0.0,0.0,0.0,0.0,0.0,414.3654,414.3654,414.3654,414.3654,414.3654,414.3654,414.3654,414.3654,414.3654,414.3654,0.0,0.0,0.0,0.0,0.0,58407.0747,58407.0747,58407.0747,58407.0747,58407.0747,0.0,0.0,0.0,0.0,0.0,414.3654,414.3654,414.3654,414.3654,414.3654
2041,292.4585,292.4585,292.4585,292.4585,292.4585,740.2537,740.2537,740.2537,740.2537,740.2537,0.0,0.0,0.0,0.0,0.0,0.0,0.0,0.0,0.0,0.0,0.0,0.0,0.0,0.0,0.0,0.0,0.0,0.0,0.0,0.0,0.0,54.5738,54.5738,54.5738,54.5738,54.5738,0.0,107.0074,107.0074,107.0074,107.0074,107.0074,0.0,0.0,0.0,0.0,0.0,54.5738,54.5738,54.5738,54.5738,54.5738,0.0,0.0,0.0,0.0,0.0,0.0,0.0,0.0,0.0,0.0,0.0,0.0,0.0,0.0,0.0,0.0,0.0,0.0,0.0,0.0,0.0,-25.3726,-25.3726,-25.3726,-25.3726,-25.3726,0.0,0.0,0.0,0.0,0.0,417.2562,417.2562,417.2562,417.2562,417.2562,0.0,0.0,0.0,0.0,0.0,0.0,0.0,0.0,0.0,0.0,0.0,0.0,0.0,0.0,0.0,0.0,0.0,0.0,0.0,0.0,0.0,0.0,0.0,0.0,0.0,0.0,0.0,0.0,0.0,0.0,0.0,0.0,0.0,0.0,0.0,0.0,0.0,0.0,0.0,0.0,0.0,0.0,0.0,0.0,0.0,0.0,0.0,0.0,0.0,0.0,0.0,0.0,0.0,0.0,0.0,0.0,0.0,0.0,0.0,0.0,0.0,0.0,0.0,0.0,0.0,0.0,0.0,0.0,301.2108,301.2108,301.2108,301.2108,301.2108,301.2108,301.2108,301.2108,301.2108,301.2108,0.0,0.0,0.0,0.0,0.0,64006.6682,64006.6682,64006.6682,64006.6682,64006.6682,0.0,0.0,0.0,0.0,0.0,301.2108,301.2108,301.2108,301.2108,301.2108
2042,318.0589,318.0589,318.0589,318.0589,318.0589,765.1314,765.1314,765.1314,765.1314,765.1314,0.0,0.0,0.0,0.0,0.0,0.0,0.0,0.0,0.0,0.0,0.0,0.0,0.0,0.0,0.0,0.0,0.0,0.0,0.0,0.0,0.0,54.5758,54.5758,54.5758,54.5758,54.5758,0.0,107.0113,107.0113,107.0113,107.0113,107.0113,0.0,0.0,0.0,0.0,0.0,54.5758,54.5758,54.5758,54.5758,54.5758,0.0,0.0,0.0,0.0,0.0,0.0,0.0,0.0,0.0,0.0,0.0,0.0,0.0,0.0,0.0,0.0,0.0,0.0,0.0,0.0,0.0,24.9396,24.9396,24.9396,24.9396,24.9396,0.0,0.0,0.0,0.0,0.0,442.1958,442.1958,442.1958,442.1958,442.1958,0.0,0.0,0.0,0.0,0.0,0.0,0.0,0.0,0.0,0.0,0.0,0.0,0.0,0.0,0.0,0.0,0.0,0.0,0.0,0.0,0.0,0.0,0.0,0.0,0.0,0.0,0.0,0.0,0.0,0.0,0.0,0.0,0.0,0.0,0.0,0.0,0.0,0.0,0.0,0.0,0.0,0.0,0.0,0.0,0.0,0.0,0.0,0.0,0.0,0.0,0.0,0.0,0.0,0.0,0.0,0.0,0.0,0.0,0.0,0.0,0.0,0.0,0.0,0.0,0.0,0.0,0.0,0.0,170.9772,170.9772,170.9772,170.9772,170.9772,170.9772,170.9772,170.9772,170.9772,170.9772,0.0,0.0,0.0,0.0,0.0,70819.5718,70819.5718,70819.5718,70819.5718,70819.5718,0.0,0.0,0.0,0.0,0.0,170.9772,170.9772,170.9772,170.9772,170.9772
2043,349.5714,349.5714,349.5714,349.5714,349.5714,793.3108,793.3108,793.3108,793.3108,793.3108,0.0,0.0,0.0,0.0,0.0,0.0,0.0,0.0,0.0,0.0,0.0,0.0,0.0,0.0,0.0,0.0,0.0,0.0,0.0,0.0,0.0,54.5839,54.5839,54.5839,54.5839,54.5839,0.0,107.0273,107.0273,107.0273,107.0273,107.0273,0.0,0.0,0.0,0.0,0.0,54.5839,54.5839,54.5839,54.5839,54.5839,0.0,0.0,0.0,0.0,0.0,0.0,0.0,0.0,0.0,0.0,0.0,0.0,0.0,0.0,0.0,0.0,0.0,0.0,0.0,0.0,0.0,100.0473,100.0473,100.0473,100.0473,100.0473,0.0,0.0,0.0,0.0,0.0,542.2431,542.2431,542.2431,542.2431,542.2431,0.0,0.0,0.0,0.0,0.0,0.0,0.0,0.0,0.0,0.0,0.0,0.0,0.0,0.0,0.0,0.0,0.0,0.0,0.0,0.0,0.0,0.0,0.0,0.0,0.0,0.0,0.0,0.0,0.0,0.0,0.0,0.0,0.0,0.0,0.0,0.0,0.0,0.0,0.0,0.0,0.0,0.0,0.0,0.0,0.0,0.0,0.0,0.0,0.0,0.0,0.0,0.0,0.0,0.0,0.0,0.0,0.0,0.0,0.0,0.0,0.0,0.0,0.0,0.0,0.0,0.0,0.0,0.0,15.2027,15.2027,15.2027,15.2027,15.2027,15.2027,15.2027,15.2027,15.2027,15.2027,0.0,0.0,0.0,0.0,0.0,79622.3048,79622.3048,79622.3048,79622.3048,79622.3048,0.0,0.0,0.0,0.0,0.0,15.2027,15.2027,15.2027,15.2027,15.2027
2044,785.055,785.055,785.055,785.055,785.055,1027.4658,1027.4658,1027.4658,1027.4658,1027.4658,0.0,0.0,0.0,0.0,0.0,0.0,0.0,0.0,0.0,0.0,0.0,0.0,0.0,0.0,0.0,0.0,0.0,0.0,0.0,0.0,0.0,47.1596,47.1596,47.1596,47.1596,47.1596,0.0,92.4698,92.4698,92.4698,92.4698,92.4698,0.0,0.0,0.0,0.0,0.0,47.1596,47.1596,47.1596,47.1596,47.1596,0.0,0.0,0.0,0.0,0.0,14.5274,14.5274,14.5274,14.5274,14.5274,14.5274,0.0,0.0,0.0,0.0,0.0,0.0,0.0,0.0,0.0,0.0,50.9568,50.9568,50.9568,50.9568,50.9568,0.0,0.0,0.0,0.0,0.0,593.1999,593.1999,593.1999,593.1999,593.1999,0.0,0.0,0.0,0.0,0.0,0.0,0.0,0.0,0.0,0.0,0.0,0.0,0.0,0.0,0.0,0.0,0.0,0.0,0.0,0.0,0.0,0.0,0.0,0.0,0.0,0.0,0.0,0.0,0.0,0.0,0.0,0.0,0.0,0.0,0.0,0.0,0.0,0.0,0.0,0.0,0.0,0.0,0.0,0.0,0.0,0.0,0.0,0.0,0.0,0.0,0.0,0.0,0.0,0.0,0.0,0.0,0.0,0.0,0.0,0.0,0.0,0.0,0.0,0.0,0.0,0.0,0.0,0.0,0.0,0.0,0.0,0.0,0.0,0.0,0.0,0.0,0.0,0.0,0.0,0.0,0.0,0.0,0.0,75700.9507,75700.9507,75700.9507,75700.9507,75700.9507,0.0,0.0,0.0,0.0,0.0,0.0,0.0,0.0,0.0,0.0
2045,812.5336,812.5336,812.5336,812.5336,812.5336,1054.5424,1054.5424,1054.5424,1054.5424,1054.5424,0.0,0.0,0.0,0.0,0.0,0.0,0.0,0.0,0.0,0.0,0.0,0.0,0.0,0.0,0.0,0.0,0.0,0.0,0.0,0.0,0.0,38.4513,38.4513,38.4513,38.4513,38.4513,0.0,75.3948,75.3948,75.3948,75.3948,75.3948,0.0,0.0,0.0,0.0,0.0,38.4513,38.4513,38.4513,38.4513,38.4513,0.0,0.0,0.0,0.0,0.0,16.9901,31.5175,31.5175,31.5175,31.5175,31.5175,0.0,0.0,0.0,0.0,0.0,0.0,0.0,0.0,0.0,0.0,-10.7886,-10.7886,-10.7886,-10.7886,-10.7886,0.0,0.0,0.0,0.0,0.0,582.4113,582.4113,582.4113,582.4113,582.4113,0.0,0.0,0.0,0.0,0.0,0.0,0.0,0.0,0.0,0.0,0.0,0.0,0.0,0.0,0.0,0.0,0.0,0.0,0.0,0.0,0.0,0.0,0.0,0.0,0.0,0.0,0.0,0.0,0.0,0.0,0.0,0.0,0.0,0.0,0.0,0.0,0.0,0.0,0.0,0.0,0.0,0.0,0.0,0.0,0.0,0.0,0.0,0.0,0.0,0.0,0.0,0.0,0.0,0.0,0.0,0.0,0.0,0.0,0.0,0.0,0.0,0.0,0.0,0.0,0.0,0.0,0.0,0.0,0.0,0.0,0.0,0.0,0.0,0.0,0.0,0.0,0.0,0.0,0.0,0.0,0.0,0.0,0.0,70748.552,70748.552,70748.552,70748.552,70748.552,0.0,0.0,0.0,0.0,0.0,0.0,0.0,0.0,0.0,0.0
2046,841.226,841.226,841.226,841.226,841.226,1081.682,1081.682,1081.682,1081.682,1081.682,0.0,0.0,0.0,0.0,0.0,0.0,0.0,0.0,0.0,0.0,0.0,0.0,0.0,0.0,0.0,0.0,0.0,0.0,0.0,0.0,0.0,36.5519,36.5519,36.5519,36.5519,36.5519,0.0,71.6703,71.6703,71.6703,71.6703,71.6703,0.0,0.0,0.0,0.0,0.0,36.5519,36.5519,36.5519,36.5519,36.5519,0.0,0.0,0.0,0.0,0.0,3.821,35.3386,35.3386,35.3386,35.3386,35.3386,0.0,0.0,0.0,0.0,0.0,0.0,0.0,0.0,0.0,0.0,-73.1956,-73.1956,-73.1956,-73.1956,-73.1956,0.0,0.0,0.0,0.0,0.0,509.2156,509.2156,509.2156,509.2156,509.2156,0.0,0.0,0.0,0.0,0.0,0.0,0.0,0.0,0.0,0.0,0.0,0.0,0.0,0.0,0.0,0.0,0.0,0.0,0.0,0.0,0.0,0.0,0.0,0.0,0.0,0.0,0.0,0.0,0.0,0.0,0.0,0.0,0.0,0.0,0.0,0.0,0.0,0.0,0.0,0.0,0.0,0.0,0.0,0.0,0.0,0.0,0.0,0.0,0.0,0.0,0.0,0.0,0.0,0.0,0.0,0.0,0.0,0.0,0.0,0.0,0.0,0.0,0.0,0.0,0.0,0.0,0.0,0.0,0.0,0.0,0.0,0.0,0.0,0.0,0.0,0.0,0.0,0.0,0.0,0.0,0.0,0.0,0.0,66120.1421,66120.1421,66120.1421,66120.1421,66120.1421,0.0,0.0,0.0,0.0,0.0,0.0,0.0,0.0,0.0,0.0
2047,869.1869,869.1869,869.1869,869.1869,869.1869,1108.9853,1108.9853,1108.9853,1108.9853,1108.9853,0.0,0.0,0.0,0.0,0.0,0.0,0.0,0.0,0.0,0.0,0.0,0.0,0.0,0.0,0.0,0.0,0.0,0.0,0.0,0.0,0.0,31.9605,31.9605,31.9605,31.9605,31.9605,0.0,62.6677,62.6677,62.6677,62.6677,62.6677,0.0,0.0,0.0,0.0,0.0,31.9605,31.9605,31.9605,31.9605,31.9605,0.0,0.0,0.0,0.0,0.0,9.0132,44.3518,44.3518,44.3518,44.3518,44.3518,0.0,0.0,0.0,0.0,0.0,0.0,0.0,0.0,0.0,0.0,-64.0148,-64.0148,-64.0148,-64.0148,-64.0148,0.0,0.0,0.0,0.0,0.0,445.2008,445.2008,445.2008,445.2008,445.2008,0.0,0.0,0.0,0.0,0.0,0.0,0.0,0.0,0.0,0.0,0.0,0.0,0.0,0.0,0.0,0.0,0.0,0.0,0.0,0.0,0.0,0.0,0.0,0.0,0.0,0.0,0.0,0.0,0.0,0.0,0.0,0.0,0.0,0.0,0.0,0.0,0.0,0.0,0.0,0.0,0.0,0.0,0.0,0.0,0.0,0.0,0.0,0.0,0.0,0.0,0.0,0.0,0.0,0.0,0.0,0.0,0.0,0.0,0.0,0.0,0.0,0.0,0.0,0.0,0.0,0.0,0.0,0.0,0.0,0.0,0.0,0.0,0.0,0.0,0.0,0.0,0.0,0.0,0.0,0.0,0.0,0.0,0.0,61794.5253,61794.5253,61794.5253,61794.5253,61794.5253,0.0,0.0,0.0,0.0,0.0,0.0,0.0,0.0,0.0,0.0
2048,896.7022,896.7022,896.7022,896.7022,896.7022,1136.3192,1136.3192,1136.3192,1136.3192,1136.3192,0.0,0.0,0.0,0.0,0.0,0.0,0.0,0.0,0.0,0.0,0.0,0.0,0.0,0.0,0.0,0.0,0.0,0.0,0.0,0.0,0.0,27.711,27.711,27.711,27.711,27.711,0.0,54.3353,54.3353,54.3353,54.3353,54.3353,0.0,0.0,0.0,0.0,0.0,27.711,27.711,27.711,27.711,27.711,0.0,0.0,0.0,0.0,0.0,8.312,52.6638,52.6638,52.6638,52.6638,52.6638,0.0,0.0,0.0,0.0,0.0,0.0,0.0,0.0,0.0,0.0,-55.6535,-55.6535,-55.6535,-55.6535,-55.6535,0.0,0.0,0.0,0.0,0.0,389.5474,389.5474,389.5474,389.5474,389.5474,0.0,0.0,0.0,0.0,0.0,0.0,0.0,0.0,0.0,0.0,0.0,0.0,0.0,0.0,0.0,0.0,0.0,0.0,0.0,0.0,0.0,0.0,0.0,0.0,0.0,0.0,0.0,0.0,0.0,0.0,0.0,0.0,0.0,0.0,0.0,0.0,0.0,0.0,0.0,0.0,0.0,0.0,0.0,0.0,0.0,0.0,0.0,0.0,0.0,0.0,0.0,0.0,0.0,0.0,0.0,0.0,0.0,0.0,0.0,0.0,0.0,0.0,0.0,0.0,0.0,0.0,0.0,0.0,0.0,0.0,0.0,0.0,0.0,0.0,0.0,0.0,0.0,0.0,0.0,0.0,0.0,0.0,0.0,57751.8928,57751.8928,57751.8928,57751.8928,57751.8928,0.0,0.0,0.0,0.0,0.0,0.0,0.0,0.0,0.0,0.0
2049,923.6483,923.6483,923.6483,923.6483,923.6483,1163.5545,1163.5545,1163.5545,1163.5545,1163.5545,0.0,0.0,0.0,0.0,0.0,0.0,0.0,0.0,0.0,0.0,0.0,0.0,0.0,0.0,0.0,0.0,0.0,0.0,0.0,0.0,0.0,24.1685,24.1685,24.1685,24.1685,24.1685,0.0,47.3891,47.3891,47.3891,47.3891,47.3891,0.0,0.0,0.0,0.0,0.0,24.1685,24.1685,24.1685,24.1685,24.1685,0.0,0.0,0.0,0.0,0.0,6.9178,59.5816,59.5816,59.5816,59.5816,59.5816,0.0,0.0,0.0,0.0,0.0,0.0,0.0,0.0,0.0,0.0,-48.6297,-48.6297,-48.6297,-48.6297,-48.6297,0.0,0.0,0.0,0.0,0.0,340.9176,340.9176,340.9176,340.9176,340.9176,0.0,0.0,0.0,0.0,0.0,0.0,0.0,0.0,0.0,0.0,0.0,0.0,0.0,0.0,0.0,0.0,0.0,0.0,0.0,0.0,0.0,0.0,0.0,0.0,0.0,0.0,0.0,0.0,0.0,0.0,0.0,0.0,0.0,0.0,0.0,0.0,0.0,0.0,0.0,0.0,0.0,0.0,0.0,0.0,0.0,0.0,0.0,0.0,0.0,0.0,0.0,0.0,0.0,0.0,0.0,0.0,0.0,0.0,0.0,0.0,0.0,0.0,0.0,0.0,0.0,0.0,0.0,0.0,0.0,0.0,0.0,0.0,0.0,0.0,0.0,0.0,0.0,0.0,0.0,0.0,0.0,0.0,0.0,53973.7316,53973.7316,53973.7316,53973.7316,53973.7316,0.0,0.0,0.0,0.0,0.0,0.0,0.0,0.0,0.0,0.0
2050,949.3747,949.3747,949.3747,949.3747,949.3747,1190.6282,1190.6282,1190.6282,1190.6282,1190.6282,0.0,0.0,0.0,0.0,0.0,0.0,0.0,0.0,0.0,0.0,0.0,0.0,0.0,0.0,0.0,0.0,0.0,0.0,0.0,0.0,0.0,21.4434,21.4434,21.4434,21.4434,21.4434,0.0,42.0458,42.0458,42.0458,42.0458,42.0458,0.0,0.0,0.0,0.0,0.0,21.4434,21.4434,21.4434,21.4434,21.4434,0.0,0.0,0.0,0.0,0.0,5.3982,64.9798,64.9798,64.9798,64.9798,64.9798,0.0,0.0,0.0,0.0,0.0,0.0,0.0,0.0,0.0,0.0,-42.9179,-42.9179,-42.9179,-42.9179,-42.9179,0.0,0.0,0.0,0.0,0.0,297.9997,297.9997,297.9997,297.9997,297.9997,0.0,0.0,0.0,0.0,0.0,0.0,0.0,0.0,0.0,0.0,0.0,0.0,0.0,0.0,0.0,0.0,0.0,0.0,0.0,0.0,0.0,0.0,0.0,0.0,0.0,0.0,0.0,0.0,0.0,0.0,0.0,0.0,0.0,0.0,0.0,0.0,0.0,0.0,0.0,0.0,0.0,0.0,0.0,0.0,0.0,0.0,0.0,0.0,0.0,0.0,0.0,0.0,0.0,0.0,0.0,0.0,0.0,0.0,0.0,0.0,0.0,0.0,0.0,0.0,0.0,0.0,0.0,0.0,0.0,0.0,0.0,0.0,0.0,0.0,0.0,0.0,0.0,0.0,0.0,0.0,0.0,0.0,0.0,50442.7398,50442.7398,50442.7398,50442.7398,50442.7398,0.0,0.0,0.0,0.0,0.0,0.0,0.0,0.0,0.0,0.0
2051,974.1726,974.1726,974.1726,974.1726,974.1726,1217.3678,1217.3678,1217.3678,1217.3678,1217.3678,0.0,0.0,0.0,0.0,0.0,0.0,0.0,0.0,0.0,0.0,0.0,0.0,0.0,0.0,0.0,0.0,0.0,0.0,0.0,0.0,0.0,18.5364,18.5364,18.5364,18.5364,18.5364,0.0,36.3458,36.3458,36.3458,36.3458,36.3458,0.0,0.0,0.0,0.0,0.0,18.5364,18.5364,18.5364,18.5364,18.5364,0.0,0.0,0.0,0.0,0.0,5.6693,70.6491,70.6491,70.6491,70.6491,70.6491,0.0,0.0,0.0,0.0,0.0,0.0,0.0,0.0,0.0,0.0,-37.1896,-37.1896,-37.1896,-37.1896,-37.1896,0.0,0.0,0.0,0.0,0.0,260.8101,260.8101,260.8101,260.8101,260.8101,0.0,0.0,0.0,0.0,0.0,0.0,0.0,0.0,0.0,0.0,0.0,0.0,0.0,0.0,0.0,0.0,0.0,0.0,0.0,0.0,0.0,0.0,0.0,0.0,0.0,0.0,0.0,0.0,0.0,0.0,0.0,0.0,0.0,0.0,0.0,0.0,0.0,0.0,0.0,0.0,0.0,0.0,0.0,0.0,0.0,0.0,0.0,0.0,0.0,0.0,0.0,0.0,0.0,0.0,0.0,0.0,0.0,0.0,0.0,0.0,0.0,0.0,0.0,0.0,0.0,0.0,0.0,0.0,0.0,0.0,0.0,0.0,0.0,0.0,0.0,0.0,0.0,0.0,0.0,0.0,0.0,0.0,0.0,47142.7475,47142.7475,47142.7475,47142.7475,47142.7475,0.0,0.0,0.0,0.0,0.0,0.0,0.0,0.0,0.0,0.0
2052,997.3808,997.3808,997.3808,997.3808,997.3808,1243.6455,1243.6455,1243.6455,1243.6455,1243.6455,0.0,0.0,0.0,0.0,0.0,0.0,0.0,0.0,0.0,0.0,0.0,0.0,0.0,0.0,0.0,0.0,0.0,0.0,0.0,0.0,0.0,16.2464,16.2464,16.2464,16.2464,16.2464,0.0,31.8557,31.8557,31.8557,31.8557,31.8557,0.0,0.0,0.0,0.0,0.0,16.2464,16.2464,16.2464,16.2464,16.2464,0.0,0.0,0.0,0.0,0.0,4.4914,75.1405,75.1405,75.1405,75.1405,75.1405,0.0,0.0,0.0,0.0,0.0,0.0,0.0,0.0,0.0,0.0,-32.5787,-32.5787,-32.5787,-32.5787,-32.5787,0.0,0.0,0.0,0.0,0.0,228.2314,228.2314,228.2314,228.2314,228.2314,0.0,0.0,0.0,0.0,0.0,0.0,0.0,0.0,0.0,0.0,0.0,0.0,0.0,0.0,0.0,0.0,0.0,0.0,0.0,0.0,0.0,0.0,0.0,0.0,0.0,0.0,0.0,0.0,0.0,0.0,0.0,0.0,0.0,0.0,0.0,0.0,0.0,0.0,0.0,0.0,0.0,0.0,0.0,0.0,0.0,0.0,0.0,0.0,0.0,0.0,0.0,0.0,0.0,0.0,0.0,0.0,0.0,0.0,0.0,0.0,0.0,0.0,0.0,0.0,0.0,0.0,0.0,0.0,0.0,0.0,0.0,0.0,0.0,0.0,0.0,0.0,0.0,0.0,0.0,0.0,0.0,0.0,0.0,44058.6425,44058.6425,44058.6425,44058.6425,44058.6425,0.0,0.0,0.0,0.0,0.0,0.0,0.0,0.0,0.0,0.0
2053,1019.0059,1019.0059,1019.0059,1019.0059,1019.0059,1269.277,1269.277,1269.277,1269.277,1269.277,0.0,0.0,0.0,0.0,0.0,0.0,0.0,0.0,0.0,0.0,0.0,0.0,0.0,0.0,0.0,0.0,0.0,0.0,0.0,0.0,0.0,14.3265,14.3265,14.3265,14.3265,14.3265,0.0,28.0912,28.0912,28.0912,28.0912,28.0912,0.0,0.0,0.0,0.0,0.0,14.3265,14.3265,14.3265,14.3265,14.3265,0.0,0.0,0.0,0.0,0.0,3.7727,78.9132,78.9132,78.9132,78.9132,78.9132,0.0,0.0,0.0,0.0,0.0,0.0,0.0,0.0,0.0,0.0,-28.609,-28.609,-28.609,-28.609,-28.609,0.0,0.0,0.0,0.0,0.0,199.6224,199.6224,199.6224,199.6224,199.6224,0.0,0.0,0.0,0.0,0.0,0.0,0.0,0.0,0.0,0.0,0.0,0.0,0.0,0.0,0.0,0.0,0.0,0.0,0.0,0.0,0.0,0.0,0.0,0.0,0.0,0.0,0.0,0.0,0.0,0.0,0.0,0.0,0.0,0.0,0.0,0.0,0.0,0.0,0.0,0.0,0.0,0.0,0.0,0.0,0.0,0.0,0.0,0.0,0.0,0.0,0.0,0.0,0.0,0.0,0.0,0.0,0.0,0.0,0.0,0.0,0.0,0.0,0.0,0.0,0.0,0.0,0.0,0.0,0.0,0.0,0.0,0.0,0.0,0.0,0.0,0.0,0.0,0.0,0.0,0.0,0.0,0.0,0.0,41176.3014,41176.3014,41176.3014,41176.3014,41176.3014,0.0,0.0,0.0,0.0,0.0,0.0,0.0,0.0,0.0,0.0
2054,1038.2864,1038.2864,1038.2864,1038.2864,1038.2864,1294.1131,1294.1131,1294.1131,1294.1131,1294.1131,0.0,0.0,0.0,0.0,0.0,0.0,0.0,0.0,0.0,0.0,0.0,0.0,0.0,0.0,0.0,0.0,0.0,0.0,0.0,0.0,0.0,12.5416,12.5416,12.5416,12.5416,12.5416,0.0,24.5914,24.5914,24.5914,24.5914,24.5914,0.0,0.0,0.0,0.0,0.0,12.5416,12.5416,12.5416,12.5416,12.5416,0.0,0.0,0.0,0.0,0.0,3.499,82.4122,82.4122,82.4122,82.4122,82.4122,0.0,0.0,0.0,0.0,0.0,0.0,0.0,0.0,0.0,0.0,-25.0724,-25.0724,-25.0724,-25.0724,-25.0724,0.0,0.0,0.0,0.0,0.0,174.55,174.55,174.55,174.55,174.55,0.0,0.0,0.0,0.0,0.0,0.0,0.0,0.0,0.0,0.0,0.0,0.0,0.0,0.0,0.0,0.0,0.0,0.0,0.0,0.0,0.0,0.0,0.0,0.0,0.0,0.0,0.0,0.0,0.0,0.0,0.0,0.0,0.0,0.0,0.0,0.0,0.0,0.0,0.0,0.0,0.0,0.0,0.0,0.0,0.0,0.0,0.0,0.0,0.0,0.0,0.0,0.0,0.0,0.0,0.0,0.0,0.0,0.0,0.0,0.0,0.0,0.0,0.0,0.0,0.0,0.0,0.0,0.0,0.0,0.0,0.0,0.0,0.0,0.0,0.0,0.0,0.0,0.0,0.0,0.0,0.0,0.0,0.0,38482.5247,38482.5247,38482.5247,38482.5247,38482.5247,0.0,0.0,0.0,0.0,0.0,0.0,0.0,0.0,0.0,0.0
2055,1054.9424,1054.9424,1054.9424,1054.9424,1054.9424,1317.9325,1317.9325,1317.9325,1317.9325,1317.9325,0.0,0.0,0.0,0.0,0.0,0.0,0.0,0.0,0.0,0.0,0.0,0.0,0.0,0.0,0.0,0.0,0.0,0.0,0.0,0.0,0.0,10.9912,10.9912,10.9912,10.9912,10.9912,0.0,21.5513,21.5513,21.5513,21.5513,21.5513,0.0,0.0,0.0,0.0,0.0,10.9912,10.9912,10.9912,10.9912,10.9912,0.0,0.0,0.0,0.0,0.0,3.0387,85.4508,85.4508,85.4508,85.4508,85.4508,0.0,0.0,0.0,0.0,0.0,0.0,0.0,0.0,0.0,0.0,-21.948,-21.948,-21.948,-21.948,-21.948,0.0,0.0,0.0,0.0,0.0,152.6019,152.6019,152.6019,152.6019,152.6019,0.0,0.0,0.0,0.0,0.0,0.0,0.0,0.0,0.0,0.0,0.0,0.0,0.0,0.0,0.0,0.0,0.0,0.0,0.0,0.0,0.0,0.0,0.0,0.0,0.0,0.0,0.0,0.0,0.0,0.0,0.0,0.0,0.0,0.0,0.0,0.0,0.0,0.0,0.0,0.0,0.0,0.0,0.0,0.0,0.0,0.0,0.0,0.0,0.0,0.0,0.0,0.0,0.0,0.0,0.0,0.0,0.0,0.0,0.0,0.0,0.0,0.0,0.0,0.0,0.0,0.0,0.0,0.0,0.0,0.0,0.0,0.0,0.0,0.0,0.0,0.0,0.0,0.0,0.0,0.0,0.0,0.0,0.0,35964.9763,35964.9763,35964.9763,35964.9763,35964.9763,0.0,0.0,0.0,0.0,0.0,0.0,0.0,0.0,0.0,0.0
2056,1068.5347,1068.5347,1068.5347,1068.5347,1068.5347,1340.5048,1340.5048,1340.5048,1340.5048,1340.5048,0.0,0.0,0.0,0.0,0.0,0.0,0.0,0.0,0.0,0.0,0.0,0.0,0.0,0.0,0.0,0.0,0.0,0.0,0.0,0.0,0.0,9.6107,9.6107,9.6107,9.6107,9.6107,0.0,18.8445,18.8445,18.8445,18.8445,18.8445,0.0,0.0,0.0,0.0,0.0,9.6107,9.6107,9.6107,9.6107,9.6107,0.0,0.0,0.0,0.0,0.0,2.7244,88.1752,88.1752,88.1752,88.1752,88.1752,0.0,0.0,0.0,0.0,0.0,0.0,0.0,0.0,0.0,0.0,-19.1019,-19.1019,-19.1019,-19.1019,-19.1019,0.0,0.0,0.0,0.0,0.0,133.5,133.5,133.5,133.5,133.5,0.0,0.0,0.0,0.0,0.0,0.0,0.0,0.0,0.0,0.0,0.0,0.0,0.0,0.0,0.0,0.0,0.0,0.0,0.0,0.0,0.0,0.0,0.0,0.0,0.0,0.0,0.0,0.0,0.0,0.0,0.0,0.0,0.0,0.0,0.0,0.0,0.0,0.0,0.0,0.0,0.0,0.0,0.0,0.0,0.0,0.0,0.0,0.0,0.0,0.0,0.0,0.0,0.0,0.0,0.0,0.0,0.0,0.0,0.0,0.0,0.0,0.0,0.0,0.0,0.0,0.0,0.0,0.0,0.0,0.0,0.0,0.0,0.0,0.0,0.0,0.0,0.0,0.0,0.0,0.0,0.0,0.0,0.0,33612.1274,33612.1274,33612.1274,33612.1274,33612.1274,0.0,0.0,0.0,0.0,0.0,0.0,0.0,0.0,0.0,0.0
2057,1078.6636,1078.6636,1078.6636,1078.6636,1078.6636,1361.5701,1361.5701,1361.5701,1361.5701,1361.5701,0.0,0.0,0.0,0.0,0.0,0.0,0.0,0.0,0.0,0.0,0.0,0.0,0.0,0.0,0.0,0.0,0.0,0.0,0.0,0.0,0.0,8.288,8.288,8.288,8.288,8.288,0.0,16.2509,16.2509,16.2509,16.2509,16.2509,0.0,0.0,0.0,0.0,0.0,8.288,8.288,8.288,8.288,8.288,0.0,0.0,0.0,0.0,0.0,2.5728,90.7481,90.7481,90.7481,90.7481,90.7481,0.0,0.0,0.0,0.0,0.0,0.0,0.0,0.0,0.0,0.0,-16.599,-16.599,-16.599,-16.599,-16.599,0.0,0.0,0.0,0.0,0.0,116.901,116.901,116.901,116.901,116.901,0.0,0.0,0.0,0.0,0.0,0.0,0.0,0.0,0.0,0.0,0.0,0.0,0.0,0.0,0.0,0.0,0.0,0.0,0.0,0.0,0.0,0.0,0.0,0.0,0.0,0.0,0.0,0.0,0.0,0.0,0.0,0.0,0.0,0.0,0.0,0.0,0.0,0.0,0.0,0.0,0.0,0.0,0.0,0.0,0.0,0.0,0.0,0.0,0.0,0.0,0.0,0.0,0.0,0.0,0.0,0.0,0.0,0.0,0.0,0.0,0.0,0.0,0.0,0.0,0.0,0.0,0.0,0.0,0.0,0.0,0.0,0.0,0.0,0.0,0.0,0.0,0.0,0.0,0.0,0.0,0.0,0.0,0.0,31413.2032,31413.2032,31413.2032,31413.2032,31413.2032,0.0,0.0,0.0,0.0,0.0,0.0,0.0,0.0,0.0,0.0
2058,1084.6716,1084.6716,1084.6716,1084.6716,1084.6716,1380.8394,1380.8394,1380.8394,1380.8394,1380.8394,0.0,0.0,0.0,0.0,0.0,0.0,0.0,0.0,0.0,0.0,0.0,0.0,0.0,0.0,0.0,0.0,0.0,0.0,0.0,0.0,0.0,7.2482,7.2482,7.2482,7.2482,7.2482,0.0,14.2122,14.2122,14.2122,14.2122,14.2122,0.0,0.0,0.0,0.0,0.0,7.2482,7.2482,7.2482,7.2482,7.2482,0.0,0.0,0.0,0.0,0.0,2.0391,92.7871,92.7871,92.7871,92.7871,92.7871,0.0,0.0,0.0,0.0,0.0,0.0,0.0,0.0,0.0,0.0,-14.5175,-14.5175,-14.5175,-14.5175,-14.5175,0.0,0.0,0.0,0.0,0.0,102.3835,102.3835,102.3835,102.3835,102.3835,0.0,0.0,0.0,0.0,0.0,0.0,0.0,0.0,0.0,0.0,0.0,0.0,0.0,0.0,0.0,0.0,0.0,0.0,0.0,0.0,0.0,0.0,0.0,0.0,0.0,0.0,0.0,0.0,0.0,0.0,0.0,0.0,0.0,0.0,0.0,0.0,0.0,0.0,0.0,0.0,0.0,0.0,0.0,0.0,0.0,0.0,0.0,0.0,0.0,0.0,0.0,0.0,0.0,0.0,0.0,0.0,0.0,0.0,0.0,0.0,0.0,0.0,0.0,0.0,0.0,0.0,0.0,0.0,0.0,0.0,0.0,0.0,0.0,0.0,0.0,0.0,0.0,0.0,0.0,0.0,0.0,0.0,0.0,29358.1338,29358.1338,29358.1338,29358.1338,29358.1338,0.0,0.0,0.0,0.0,0.0,0.0,0.0,0.0,0.0,0.0
2059,1085.8929,1085.8929,1085.8929,1085.8929,1085.8929,1398.0093,1398.0093,1398.0093,1398.0093,1398.0093,0.0,0.0,0.0,0.0,0.0,0.0,0.0,0.0,0.0,0.0,0.0,0.0,0.0,0.0,0.0,0.0,0.0,0.0,0.0,0.0,0.0,6.3487,6.3487,6.3487,6.3487,6.3487,0.0,12.4484,12.4484,12.4484,12.4484,12.4484,0.0,0.0,0.0,0.0,0.0,6.3487,6.3487,6.3487,6.3487,6.3487,0.0,0.0,0.0,0.0,0.0,1.766,94.5531,94.5531,94.5531,94.5531,94.5531,0.0,0.0,0.0,0.0,0.0,0.0,0.0,0.0,0.0,0.0,-12.715,-12.715,-12.715,-12.715,-12.715,0.0,0.0,0.0,0.0,0.0,89.6686,89.6686,89.6686,89.6686,89.6686,0.0,0.0,0.0,0.0,0.0,0.0,0.0,0.0,0.0,0.0,0.0,0.0,0.0,0.0,0.0,0.0,0.0,0.0,0.0,0.0,0.0,0.0,0.0,0.0,0.0,0.0,0.0,0.0,0.0,0.0,0.0,0.0,0.0,0.0,0.0,0.0,0.0,0.0,0.0,0.0,0.0,0.0,0.0,0.0,0.0,0.0,0.0,0.0,0.0,0.0,0.0,0.0,0.0,0.0,0.0,0.0,0.0,0.0,0.0,0.0,0.0,0.0,0.0,0.0,0.0,0.0,0.0,0.0,0.0,0.0,0.0,0.0,0.0,0.0,0.0,0.0,0.0,0.0,0.0,0.0,0.0,0.0,0.0,27437.5083,27437.5083,27437.5083,27437.5083,27437.5083,0.0,0.0,0.0,0.0,0.0,0.0,0.0,0.0,0.0,0.0
2060,1081.7715,1081.7715,1081.7715,1081.7715,1081.7715,1412.7307,1412.7307,1412.7307,1412.7307,1412.7307,0.0,0.0,0.0,0.0,0.0,0.0,0.0,0.0,0.0,0.0,0.0,0.0,0.0,0.0,0.0,0.0,0.0,0.0,0.0,0.0,0.0,5.5206,5.5206,5.5206,5.5206,5.5206,0.0,10.8248,10.8248,10.8248,10.8248,10.8248,0.0,0.0,0.0,0.0,0.0,5.5206,5.5206,5.5206,5.5206,5.5206,0.0,0.0,0.0,0.0,0.0,1.6327,96.1858,96.1858,96.1858,96.1858,96.1858,0.0,0.0,0.0,0.0,0.0,0.0,0.0,0.0,0.0,0.0,-11.0763,-11.0763,-11.0763,-11.0763,-11.0763,0.0,0.0,0.0,0.0,0.0,78.5922,78.5922,78.5922,78.5922,78.5922,0.0,0.0,0.0,0.0,0.0,0.0,0.0,0.0,0.0,0.0,0.0,0.0,0.0,0.0,0.0,0.0,0.0,0.0,0.0,0.0,0.0,0.0,0.0,0.0,0.0,0.0,0.0,0.0,0.0,0.0,0.0,0.0,0.0,0.0,0.0,0.0,0.0,0.0,0.0,0.0,0.0,0.0,0.0,0.0,0.0,0.0,0.0,0.0,0.0,0.0,0.0,0.0,0.0,0.0,0.0,0.0,0.0,0.0,0.0,0.0,0.0,0.0,0.0,0.0,0.0,0.0,0.0,0.0,0.0,0.0,0.0,0.0,0.0,0.0,0.0,0.0,0.0,0.0,0.0,0.0,0.0,0.0,0.0,25642.5311,25642.5311,25642.5311,25642.5311,25642.5311,0.0,0.0,0.0,0.0,0.0,0.0,0.0,0.0,0.0,0.0
2061,1071.2254,1071.2254,1071.2254,1071.2254,1071.2254,1424.5882,1424.5882,1424.5882,1424.5882,1424.5882,0.0,0.0,0.0,0.0,0.0,0.0,0.0,0.0,0.0,0.0,0.0,0.0,0.0,0.0,0.0,0.0,0.0,0.0,0.0,0.0,0.0,4.8612,4.8612,4.8612,4.8612,4.8612,0.0,9.5318,9.5318,9.5318,9.5318,9.5318,0.0,0.0,0.0,0.0,0.0,4.8612,4.8612,4.8612,4.8612,4.8612,0.0,0.0,0.0,0.0,0.0,1.2855,97.4713,97.4713,97.4713,97.4713,97.4713,0.0,0.0,0.0,0.0,0.0,0.0,0.0,0.0,0.0,0.0,-9.7441,-9.7441,-9.7441,-9.7441,-9.7441,0.0,0.0,0.0,0.0,0.0,68.8482,68.8482,68.8482,68.8482,68.8482,0.0,0.0,0.0,0.0,0.0,0.0,0.0,0.0,0.0,0.0,0.0,0.0,0.0,0.0,0.0,0.0,0.0,0.0,0.0,0.0,0.0,0.0,0.0,0.0,0.0,0.0,0.0,0.0,0.0,0.0,0.0,0.0,0.0,0.0,0.0,0.0,0.0,0.0,0.0,0.0,0.0,0.0,0.0,0.0,0.0,0.0,0.0,0.0,0.0,0.0,0.0,0.0,0.0,0.0,0.0,0.0,0.0,0.0,0.0,0.0,0.0,0.0,0.0,0.0,0.0,0.0,0.0,0.0,0.0,0.0,0.0,0.0,0.0,0.0,0.0,0.0,0.0,0.0,0.0,0.0,0.0,0.0,0.0,23964.9823,23964.9823,23964.9823,23964.9823,23964.9823,0.0,0.0,0.0,0.0,0.0,0.0,0.0,0.0,0.0,0.0
2062,1053.5734,1053.5734,1053.5734,1053.5734,1053.5734,1433.1655,1433.1655,1433.1655,1433.1655,1433.1655,0.0,0.0,0.0,0.0,0.0,0.0,0.0,0.0,0.0,0.0,0.0,0.0,0.0,0.0,0.0,0.0,0.0,0.0,0.0,0.0,0.0,4.2699,4.2699,4.2699,4.2699,4.2699,0.0,8.3724,8.3724,8.3724,8.3724,8.3724,0.0,0.0,0.0,0.0,0.0,4.2699,4.2699,4.2699,4.2699,4.2699,0.0,0.0,0.0,0.0,0.0,1.1582,98.6295,98.6295,98.6295,98.6295,98.6295,0.0,0.0,0.0,0.0,0.0,0.0,0.0,0.0,0.0,0.0,-8.5554,-8.5554,-8.5554,-8.5554,-8.5554,0.0,0.0,0.0,0.0,0.0,60.2928,60.2928,60.2928,60.2928,60.2928,0.0,0.0,0.0,0.0,0.0,0.0,0.0,0.0,0.0,0.0,0.0,0.0,0.0,0.0,0.0,0.0,0.0,0.0,0.0,0.0,0.0,0.0,0.0,0.0,0.0,0.0,0.0,0.0,0.0,0.0,0.0,0.0,0.0,0.0,0.0,0.0,0.0,0.0,0.0,0.0,0.0,0.0,0.0,0.0,0.0,0.0,0.0,0.0,0.0,0.0,0.0,0.0,0.0,0.0,0.0,0.0,0.0,0.0,0.0,0.0,0.0,0.0,0.0,0.0,0.0,0.0,0.0,0.0,0.0,0.0,0.0,0.0,0.0,0.0,0.0,0.0,0.0,0.0,0.0,0.0,0.0,0.0,0.0,22397.1797,22397.1797,22397.1797,22397.1797,22397.1797,0.0,0.0,0.0,0.0,0.0,0.0,0.0,0.0,0.0,0.0
2063,1027.8574,1027.8574,1027.8574,1027.8574,1027.8574,1437.9818,1437.9818,1437.9818,1437.9818,1437.9818,0.0,0.0,0.0,0.0,0.0,0.0,0.0,0.0,0.0,0.0,0.0,0.0,0.0,0.0,0.0,0.0,0.0,0.0,0.0,0.0,0.0,3.7538,3.7538,3.7538,3.7538,3.7538,0.0,7.3605,7.3605,7.3605,7.3605,7.3605,0.0,0.0,0.0,0.0,0.0,3.7538,3.7538,3.7538,3.7538,3.7538,0.0,0.0,0.0,0.0,0.0,1.0106,99.6401,99.6401,99.6401,99.6401,99.6401,0.0,0.0,0.0,0.0,0.0,0.0,0.0,0.0,0.0,0.0,-7.5156,-7.5156,-7.5156,-7.5156,-7.5156,0.0,0.0,0.0,0.0,0.0,52.7772,52.7772,52.7772,52.7772,52.7772,0.0,0.0,0.0,0.0,0.0,0.0,0.0,0.0,0.0,0.0,0.0,0.0,0.0,0.0,0.0,0.0,0.0,0.0,0.0,0.0,0.0,0.0,0.0,0.0,0.0,0.0,0.0,0.0,0.0,0.0,0.0,0.0,0.0,0.0,0.0,0.0,0.0,0.0,0.0,0.0,0.0,0.0,0.0,0.0,0.0,0.0,0.0,0.0,0.0,0.0,0.0,0.0,0.0,0.0,0.0,0.0,0.0,0.0,0.0,0.0,0.0,0.0,0.0,0.0,0.0,0.0,0.0,0.0,0.0,0.0,0.0,0.0,0.0,0.0,0.0,0.0,0.0,0.0,0.0,0.0,0.0,0.0,0.0,20931.9437,20931.9437,20931.9437,20931.9437,20931.9437,0.0,0.0,0.0,0.0,0.0,0.0,0.0,0.0,0.0,0.0
2064,993.0425,993.0425,993.0425,993.0425,993.0425,1438.5135,1438.5135,1438.5135,1438.5135,1438.5135,0.0,0.0,0.0,0.0,0.0,0.0,0.0,0.0,0.0,0.0,0.0,0.0,0.0,0.0,0.0,0.0,0.0,0.0,0.0,0.0,0.0,3.2996,3.2996,3.2996,3.2996,3.2996,0.0,6.4698,6.4698,6.4698,6.4698,6.4698,0.0,0.0,0.0,0.0,0.0,3.2996,3.2996,3.2996,3.2996,3.2996,0.0,0.0,0.0,0.0,0.0,0.8908,100.531,100.531,100.531,100.531,100.531,0.0,0.0,0.0,0.0,0.0,0.0,0.0,0.0,0.0,0.0,-6.6014,-6.6014,-6.6014,-6.6014,-6.6014,0.0,0.0,0.0,0.0,0.0,46.1758,46.1758,46.1758,46.1758,46.1758,0.0,0.0,0.0,0.0,0.0,0.0,0.0,0.0,0.0,0.0,0.0,0.0,0.0,0.0,0.0,0.0,0.0,0.0,0.0,0.0,0.0,0.0,0.0,0.0,0.0,0.0,0.0,0.0,0.0,0.0,0.0,0.0,0.0,0.0,0.0,0.0,0.0,0.0,0.0,0.0,0.0,0.0,0.0,0.0,0.0,0.0,0.0,0.0,0.0,0.0,0.0,0.0,0.0,0.0,0.0,0.0,0.0,0.0,0.0,0.0,0.0,0.0,0.0,0.0,0.0,0.0,0.0,0.0,0.0,0.0,0.0,0.0,0.0,0.0,0.0,0.0,0.0,0.0,0.0,0.0,0.0,0.0,0.0,19562.5642,19562.5642,19562.5642,19562.5642,19562.5642,0.0,0.0,0.0,0.0,0.0,0.0,0.0,0.0,0.0,0.0
2065,947.9635,947.9635,947.9635,947.9635,947.9635,1434.1759,1434.1759,1434.1759,1434.1759,1434.1759,0.0,0.0,0.0,0.0,0.0,0.0,0.0,0.0,0.0,0.0,0.0,0.0,0.0,0.0,0.0,0.0,0.0,0.0,0.0,0.0,0.0,2.8913,2.8913,2.8913,2.8913,2.8913,0.0,5.6692,5.6692,5.6692,5.6692,5.6692,0.0,0.0,0.0,0.0,0.0,2.8913,2.8913,2.8913,2.8913,2.8913,0.0,0.0,0.0,0.0,0.0,0.8008,101.3318,101.3318,101.3318,101.3318,101.3318,0.0,0.0,0.0,0.0,0.0,0.0,0.0,0.0,0.0,0.0,-5.7817,-5.7817,-5.7817,-5.7817,-5.7817,0.0,0.0,0.0,0.0,0.0,40.394,40.394,40.394,40.394,40.394,0.0,0.0,0.0,0.0,0.0,0.0,0.0,0.0,0.0,0.0,0.0,0.0,0.0,0.0,0.0,0.0,0.0,0.0,0.0,0.0,0.0,0.0,0.0,0.0,0.0,0.0,0.0,0.0,0.0,0.0,0.0,0.0,0.0,0.0,0.0,0.0,0.0,0.0,0.0,0.0,0.0,0.0,0.0,0.0,0.0,0.0,0.0,0.0,0.0,0.0,0.0,0.0,0.0,0.0,0.0,0.0,0.0,0.0,0.0,0.0,0.0,0.0,0.0,0.0,0.0,0.0,0.0,0.0,0.0,0.0,0.0,0.0,0.0,0.0,0.0,0.0,0.0,0.0,0.0,0.0,0.0,0.0,0.0,18282.7703,18282.7703,18282.7703,18282.7703,18282.7703,0.0,0.0,0.0,0.0,0.0,0.0,0.0,0.0,0.0,0.0
2066,891.3623,891.3623,891.3623,891.3623,891.3623,1424.3288,1424.3288,1424.3288,1424.3288,1424.3288,0.0,0.0,0.0,0.0,0.0,0.0,0.0,0.0,0.0,0.0,0.0,0.0,0.0,0.0,0.0,0.0,0.0,0.0,0.0,0.0,0.0,2.5291,2.5291,2.5291,2.5291,2.5291,0.0,4.9591,4.9591,4.9591,4.9591,4.9591,0.0,0.0,0.0,0.0,0.0,2.5291,2.5291,2.5291,2.5291,2.5291,0.0,0.0,0.0,0.0,0.0,0.71,102.0418,102.0418,102.0418,102.0418,102.0418,0.0,0.0,0.0,0.0,0.0,0.0,0.0,0.0,0.0,0.0,-5.0573,-5.0573,-5.0573,-5.0573,-5.0573,0.0,0.0,0.0,0.0,0.0,35.3367,35.3367,35.3367,35.3367,35.3367,0.0,0.0,0.0,0.0,0.0,0.0,0.0,0.0,0.0,0.0,0.0,0.0,0.0,0.0,0.0,0.0,0.0,0.0,0.0,0.0,0.0,0.0,0.0,0.0,0.0,0.0,0.0,0.0,0.0,0.0,0.0,0.0,0.0,0.0,0.0,0.0,0.0,0.0,0.0,0.0,0.0,0.0,0.0,0.0,0.0,0.0,0.0,0.0,0.0,0.0,0.0,0.0,0.0,0.0,0.0,0.0,0.0,0.0,0.0,0.0,0.0,0.0,0.0,0.0,0.0,0.0,0.0,0.0,0.0,0.0,0.0,0.0,0.0,0.0,0.0,0.0,0.0,0.0,0.0,0.0,0.0,0.0,0.0,17086.7012,17086.7012,17086.7012,17086.7012,17086.7012,0.0,0.0,0.0,0.0,0.0,0.0,0.0,0.0,0.0,0.0
2067,953.7579,953.7579,953.7579,953.7579,953.7579,1475.5449,1475.5449,1475.5449,1475.5449,1475.5449,0.0,0.0,0.0,0.0,0.0,0.0,0.0,0.0,0.0,0.0,0.0,0.0,0.0,0.0,0.0,0.0,0.0,0.0,0.0,0.0,0.0,2.5289,2.5289,2.5289,2.5289,2.5289,0.0,4.9587,4.9587,4.9587,4.9587,4.9587,0.0,0.0,0.0,0.0,0.0,2.5289,2.5289,2.5289,2.5289,2.5289,0.0,0.0,0.0,0.0,0.0,0.0,102.0418,102.0418,102.0418,102.0418,102.0418,0.0,0.0,0.0,0.0,0.0,0.0,0.0,0.0,0.0,0.0,-5.0564,-5.0564,-5.0564,-5.0564,-5.0564,0.0,0.0,0.0,0.0,0.0,30.2803,30.2803,30.2803,30.2803,30.2803,0.0,0.0,0.0,0.0,0.0,0.0,0.0,0.0,0.0,0.0,0.0,0.0,0.0,0.0,0.0,0.0,0.0,0.0,0.0,0.0,0.0,0.0,0.0,0.0,0.0,0.0,0.0,0.0,0.0,0.0,0.0,0.0,0.0,0.0,0.0,0.0,0.0,0.0,0.0,0.0,0.0,0.0,0.0,0.0,0.0,0.0,0.0,0.0,0.0,0.0,0.0,0.0,0.0,0.0,0.0,0.0,0.0,0.0,0.0,0.0,0.0,0.0,0.0,0.0,0.0,0.0,0.0,0.0,0.0,0.0,0.0,0.0,0.0,0.0,0.0,0.0,0.0,0.0,0.0,0.0,0.0,0.0,0.0,15968.8796,15968.8796,15968.8796,15968.8796,15968.8796,0.0,0.0,0.0,0.0,0.0,0.0,0.0,0.0,0.0,0.0
2068,1020.5211,1020.5211,1020.5211,1020.5211,1020.5211,1529.3764,1529.3764,1529.3764,1529.3764,1529.3764,0.0,0.0,0.0,0.0,0.0,0.0,0.0,0.0,0.0,0.0,0.0,0.0,0.0,0.0,0.0,0.0,0.0,0.0,0.0,0.0,0.0,2.5287,2.5287,2.5287,2.5287,2.5287,0.0,4.9582,4.9582,4.9582,4.9582,4.9582,0.0,0.0,0.0,0.0,0.0,2.5287,2.5287,2.5287,2.5287,2.5287,0.0,0.0,0.0,0.0,0.0,0.0,102.0418,102.0418,102.0418,102.0418,102.0418,0.0,0.0,0.0,0.0,0.0,0.0,0.0,0.0,0.0,0.0,-5.0555,-5.0555,-5.0555,-5.0555,-5.0555,0.0,0.0,0.0,0.0,0.0,25.2249,25.2249,25.2249,25.2249,25.2249,0.0,0.0,0.0,0.0,0.0,0.0,0.0,0.0,0.0,0.0,0.0,0.0,0.0,0.0,0.0,0.0,0.0,0.0,0.0,0.0,0.0,0.0,0.0,0.0,0.0,0.0,0.0,0.0,0.0,0.0,0.0,0.0,0.0,0.0,0.0,0.0,0.0,0.0,0.0,0.0,0.0,0.0,0.0,0.0,0.0,0.0,0.0,0.0,0.0,0.0,0.0,0.0,0.0,0.0,0.0,0.0,0.0,0.0,0.0,0.0,0.0,0.0,0.0,0.0,0.0,0.0,0.0,0.0,0.0,0.0,0.0,0.0,0.0,0.0,0.0,0.0,0.0,0.0,0.0,0.0,0.0,0.0,0.0,14924.1866,14924.1866,14924.1866,14924.1866,14924.1866,0.0,0.0,0.0,0.0,0.0,0.0,0.0,0.0,0.0,0.0
2069,1091.9578,1091.9578,1091.9578,1091.9578,1091.9578,1585.987,1585.987,1585.987,1585.987,1585.987,0.0,0.0,0.0,0.0,0.0,0.0,0.0,0.0,0.0,0.0,0.0,0.0,0.0,0.0,0.0,0.0,0.0,0.0,0.0,0.0,0.0,2.5284,2.5284,2.5284,2.5284,2.5284,0.0,4.9577,4.9577,4.9577,4.9577,4.9577,0.0,0.0,0.0,0.0,0.0,2.5284,2.5284,2.5284,2.5284,2.5284,0.0,0.0,0.0,0.0,0.0,0.0,102.0418,102.0418,102.0418,102.0418,102.0418,0.0,0.0,0.0,0.0,0.0,0.0,0.0,0.0,0.0,0.0,-5.0544,-5.0544,-5.0544,-5.0544,-5.0544,0.0,0.0,0.0,0.0,0.0,20.1704,20.1704,20.1704,20.1704,20.1704,0.0,0.0,0.0,0.0,0.0,0.0,0.0,0.0,0.0,0.0,0.0,0.0,0.0,0.0,0.0,0.0,0.0,0.0,0.0,0.0,0.0,0.0,0.0,0.0,0.0,0.0,0.0,0.0,0.0,0.0,0.0,0.0,0.0,0.0,0.0,0.0,0.0,0.0,0.0,0.0,0.0,0.0,0.0,0.0,0.0,0.0,0.0,0.0,0.0,0.0,0.0,0.0,0.0,0.0,0.0,0.0,0.0,0.0,0.0,0.0,0.0,0.0,0.0,0.0,0.0,0.0,0.0,0.0,0.0,0.0,0.0,0.0,0.0,0.0,0.0,0.0,0.0,0.0,0.0,0.0,0.0,0.0,0.0,13947.8379,13947.8379,13947.8379,13947.8379,13947.8379,0.0,0.0,0.0,0.0,0.0,0.0,0.0,0.0,0.0,0.0
2070,1168.395,1168.395,1168.395,1168.395,1168.395,1645.5514,1645.5514,1645.5514,1645.5514,1645.5514,0.0,0.0,0.0,0.0,0.0,0.0,0.0,0.0,0.0,0.0,0.0,0.0,0.0,0.0,0.0,0.0,0.0,0.0,0.0,0.0,0.0,2.5282,2.5282,2.5282,2.5282,2.5282,0.0,4.9572,4.9572,4.9572,4.9572,4.9572,0.0,0.0,0.0,0.0,0.0,2.5282,2.5282,2.5282,2.5282,2.5282,0.0,0.0,0.0,0.0,0.0,0.0,102.0418,102.0418,102.0418,102.0418,102.0418,0.0,0.0,0.0,0.0,0.0,0.0,0.0,0.0,0.0,0.0,-5.0533,-5.0533,-5.0533,-5.0533,-5.0533,0.0,0.0,0.0,0.0,0.0,15.1171,15.1171,15.1171,15.1171,15.1171,0.0,0.0,0.0,0.0,0.0,0.0,0.0,0.0,0.0,0.0,0.0,0.0,0.0,0.0,0.0,0.0,0.0,0.0,0.0,0.0,0.0,0.0,0.0,0.0,0.0,0.0,0.0,0.0,0.0,0.0,0.0,0.0,0.0,0.0,0.0,0.0,0.0,0.0,0.0,0.0,0.0,0.0,0.0,0.0,0.0,0.0,0.0,0.0,0.0,0.0,0.0,0.0,0.0,0.0,0.0,0.0,0.0,0.0,0.0,0.0,0.0,0.0,0.0,0.0,0.0,0.0,0.0,0.0,0.0,0.0,0.0,0.0,0.0,0.0,0.0,0.0,0.0,0.0,0.0,0.0,0.0,0.0,0.0,13035.3625,13035.3625,13035.3625,13035.3625,13035.3625,0.0,0.0,0.0,0.0,0.0,0.0,0.0,0.0,0.0,0.0
2071,1250.1829,1250.1829,1250.1829,1250.1829,1250.1829,1708.2562,1708.2562,1708.2562,1708.2562,1708.2562,0.0,0.0,0.0,0.0,0.0,0.0,0.0,0.0,0.0,0.0,0.0,0.0,0.0,0.0,0.0,0.0,0.0,0.0,0.0,0.0,0.0,2.5279,2.5279,2.5279,2.5279,2.5279,0.0,4.9566,4.9566,4.9566,4.9566,4.9566,0.0,0.0,0.0,0.0,0.0,2.5279,2.5279,2.5279,2.5279,2.5279,0.0,0.0,0.0,0.0,0.0,0.0,102.0418,102.0418,102.0418,102.0418,102.0418,0.0,0.0,0.0,0.0,0.0,0.0,0.0,0.0,0.0,0.0,-5.0522,-5.0522,-5.0522,-5.0522,-5.0522,0.0,0.0,0.0,0.0,0.0,10.0649,10.0649,10.0649,10.0649,10.0649,0.0,0.0,0.0,0.0,0.0,0.0,0.0,0.0,0.0,0.0,0.0,0.0,0.0,0.0,0.0,0.0,0.0,0.0,0.0,0.0,0.0,0.0,0.0,0.0,0.0,0.0,0.0,0.0,0.0,0.0,0.0,0.0,0.0,0.0,0.0,0.0,0.0,0.0,0.0,0.0,0.0,0.0,0.0,0.0,0.0,0.0,0.0,0.0,0.0,0.0,0.0,0.0,0.0,0.0,0.0,0.0,0.0,0.0,0.0,0.0,0.0,0.0,0.0,0.0,0.0,0.0,0.0,0.0,0.0,0.0,0.0,0.0,0.0,0.0,0.0,0.0,0.0,0.0,0.0,0.0,0.0,0.0,0.0,12182.5818,12182.5818,12182.5818,12182.5818,12182.5818,0.0,0.0,0.0,0.0,0.0,0.0,0.0,0.0,0.0,0.0
2072,1337.6958,1337.6958,1337.6958,1337.6958,1337.6958,1774.3008,1774.3008,1774.3008,1774.3008,1774.3008,0.0,0.0,0.0,0.0,0.0,0.0,0.0,0.0,0.0,0.0,0.0,0.0,0.0,0.0,0.0,0.0,0.0,0.0,0.0,0.0,0.0,2.5276,2.5276,2.5276,2.5276,2.5276,0.0,4.9561,4.9561,4.9561,4.9561,4.9561,0.0,0.0,0.0,0.0,0.0,2.5276,2.5276,2.5276,2.5276,2.5276,0.0,0.0,0.0,0.0,0.0,0.0,102.0418,102.0418,102.0418,102.0418,102.0418,0.0,0.0,0.0,0.0,0.0,0.0,0.0,0.0,0.0,0.0,-5.0509,-5.0509,-5.0509,-5.0509,-5.0509,0.0,0.0,0.0,0.0,0.0,5.014,5.014,5.014,5.014,5.014,0.0,0.0,0.0,0.0,0.0,0.0,0.0,0.0,0.0,0.0,0.0,0.0,0.0,0.0,0.0,0.0,0.0,0.0,0.0,0.0,0.0,0.0,0.0,0.0,0.0,0.0,0.0,0.0,0.0,0.0,0.0,0.0,0.0,0.0,0.0,0.0,0.0,0.0,0.0,0.0,0.0,0.0,0.0,0.0,0.0,0.0,0.0,0.0,0.0,0.0,0.0,0.0,0.0,0.0,0.0,0.0,0.0,0.0,0.0,0.0,0.0,0.0,0.0,0.0,0.0,0.0,0.0,0.0,0.0,0.0,0.0,0.0,0.0,0.0,0.0,0.0,0.0,0.0,0.0,0.0,0.0,0.0,0.0,11385.5905,11385.5905,11385.5905,11385.5905,11385.5905,0.0,0.0,0.0,0.0,0.0,0.0,0.0,0.0,0.0,0.0
2073,1431.386,1431.386,1431.386,1431.386,1431.386,1843.6279,1843.6279,1843.6279,1843.6279,1843.6279,0.0,0.0,0.0,0.0,0.0,0.0,0.0,0.0,0.0,0.0,0.0,0.0,0.0,0.0,0.0,0.0,0.0,0.0,0.0,0.0,0.0,2.5076,2.5076,2.5076,2.5076,2.5076,0.0,4.9168,4.9168,4.9168,4.9168,4.9168,0.0,0.0,0.0,0.0,0.0,2.5076,2.5076,2.5076,2.5076,2.5076,0.0,0.0,0.0,0.0,0.0,0.0,102.0418,102.0418,102.0418,102.0418,102.0418,0.0,0.0,0.0,0.0,0.0,0.0,0.0,0.0,0.0,0.0,-5.014,-5.014,-5.014,-5.014,-5.014,0.0,0.0,0.0,0.0,0.0,0.0,0.0,0.0,0.0,0.0,0.0,0.0,0.0,0.0,0.0,0.0,0.0,0.0,0.0,0.0,0.0,0.0,0.0,0.0,0.0,0.0,0.0,0.0,0.0,0.0,0.0,0.0,0.0,0.0,0.0,0.0,0.0,0.0,0.0,0.0,0.0,0.0,0.0,0.0,0.0,0.0,0.0,0.0,0.0,0.0,0.0,0.0,0.0,0.0,0.0,0.0,0.0,0.0,0.0,0.0,0.0,0.0,0.0,0.0,0.0,0.0,0.0,0.0,0.0,0.0,0.0,0.0,0.0,0.0,0.0,0.0,0.0,0.0,0.0,0.0,0.0,0.0,0.0,0.0,0.0,0.0,0.0,0.0,0.0,0.0,0.0,0.0,0.0,10640.7388,10640.7388,10640.7388,10640.7388,10640.7388,0.0,0.0,0.0,0.0,0.0,0.0,0.0,0.0,0.0,0.0
